id,original_question,original_answer,clean_question,clean_answer,combined_text,entities,intent,source,url,text_length,word_count,entity_count,processed_at
0,What are the symptoms of heart disease?,"The main symptoms of heart disease include swelling, loss of smell. These symptoms may vary in severity and it's important to consult a healthcare provider for proper diagnosis and treatment planning.",symptom heart disease,main symptom heart disease include swelling loss smell symptom vary severity important consult healthcare provider proper diagnosis treatment planning,symptom heart disease main symptom heart disease include swelling loss smell symptom vary severity important consult healthcare provider proper diagnosis treatment planning,"{'diseases': ['heart disease'], 'symptoms': ['swelling'], 'treatments': [], 'prevention': [], 'patient_types': [], 'food_recommendations': []}",DiseaseToSymptom,Synthetic,,172,22,2,2025-07-19T20:32:56.906203
1,What are the early warning signs of heart disease?,"Early warning signs of heart disease may include fever, vomiting. These symptoms can develop gradually or suddenly depending on the individual case.",early warning sign heart disease,early warning sign heart disease include fever vomiting symptom develop gradually suddenly depending individual case,early warning sign heart disease early warning sign heart disease include fever vomiting symptom develop gradually suddenly depending individual case,"{'diseases': ['heart disease'], 'symptoms': ['fever', 'vomiting'], 'treatments': [], 'prevention': [], 'patient_types': [], 'food_recommendations': []}",DiseaseToSymptom,Synthetic,,149,20,3,2025-07-19T20:32:56.907599
2,What are the early warning signs of influenza?,"Early warning signs of influenza may include nausea, abdominal pain. These symptoms can develop gradually or suddenly depending on the individual case.",early warning sign influenza,early warning sign influenza include nausea abdominal pain symptom develop gradually suddenly depending individual case,early warning sign influenza early warning sign influenza include nausea abdominal pain symptom develop gradually suddenly depending individual case,"{'diseases': ['flu', 'influenza'], 'symptoms': ['abdominal pain', 'nausea'], 'treatments': [], 'prevention': [], 'patient_types': [], 'food_recommendations': []}",DiseaseToSymptom,Synthetic,,148,19,4,2025-07-19T20:32:56.908364
3,What are the symptoms of pandemic?,"The main symptoms of pandemic include headache, cough. These symptoms may vary in severity and it's important to consult a healthcare provider for proper diagnosis and treatment planning.",symptom pandemic,main symptom pandemic include headache cough symptom vary severity important consult healthcare provider proper diagnosis treatment planning,symptom pandemic main symptom pandemic include headache cough symptom vary severity important consult healthcare provider proper diagnosis treatment planning,"{'diseases': ['pandemic'], 'symptoms': ['headache', 'cough'], 'treatments': [], 'prevention': [], 'patient_types': [], 'food_recommendations': []}",DiseaseToSymptom,Synthetic,,157,19,3,2025-07-19T20:32:56.909207
4,What are the early warning signs of stroke?,"Early warning signs of stroke may include constipation, headache. These symptoms can develop gradually or suddenly depending on the individual case.",early warning sign stroke,early warning sign stroke include constipation headache symptom develop gradually suddenly depending individual case,early warning sign stroke early warning sign stroke include constipation headache symptom develop gradually suddenly depending individual case,"{'diseases': ['stroke'], 'symptoms': ['constipation', 'headache'], 'treatments': [], 'prevention': [], 'patient_types': [], 'food_recommendations': []}",DiseaseToSymptom,Synthetic,,142,18,3,2025-07-19T20:32:56.909918
5,What signs should I look for with tuberculosis?,"Common signs of tuberculosis include muscle pain, chills, chest pain. If you experience muscle pain along with other symptoms, seek medical attention promptly.",sign look tuberculosis,common sign tuberculosis include muscle pain chill chest pain experience muscle pain symptom seek medical attention promptly,sign look tuberculosis common sign tuberculosis include muscle pain chill chest pain experience muscle pain symptom seek medical attention promptly,"{'diseases': ['tuberculosis'], 'symptoms': ['chest pain', 'muscle pain'], 'treatments': [], 'prevention': [], 'patient_types': [], 'food_recommendations': []}",DiseaseToSymptom,Synthetic,,147,20,3,2025-07-19T20:32:56.910642
6,What are the early warning signs of asthma?,"Early warning signs of asthma may include constipation, diarrhea, joint pain. These symptoms can develop gradually or suddenly depending on the individual case.",early warning sign asthma,early warning sign asthma include constipation joint pain symptom develop gradually suddenly depending individual case,early warning sign asthma early warning sign asthma include constipation joint pain symptom develop gradually suddenly depending individual case,"{'diseases': ['asthma'], 'symptoms': ['joint pain', 'constipation'], 'treatments': [], 'prevention': [], 'patient_types': [], 'food_recommendations': []}",DiseaseToSymptom,Synthetic,,144,19,3,2025-07-19T20:32:56.911312
7,How does tuberculosis present in patients?,"tuberculosis typically presents with symptoms such as runny nose, sore throat. Early recognition of these symptoms is crucial for timely medical intervention and better outcomes.",tuberculosis present patient,tuberculosis typically present symptom runny nose sore throat early recognition symptom crucial timely medical intervention better outcome,tuberculosis present patient tuberculosis typically present symptom runny nose sore throat early recognition symptom crucial timely medical intervention better outcome,"{'diseases': ['tuberculosis'], 'symptoms': ['sore throat', 'runny nose'], 'treatments': [], 'prevention': [], 'patient_types': [], 'food_recommendations': []}",DiseaseToSymptom,Synthetic,,167,20,3,2025-07-19T20:32:56.912096
9,How does asthma present in patients?,"asthma typically presents with symptoms such as diarrhea, constipation. Early recognition of these symptoms is crucial for timely medical intervention and better outcomes.",asthma present patient,asthma typically present symptom diarrhea constipation early recognition symptom crucial timely medical intervention better outcome,asthma present patient asthma typically present symptom diarrhea constipation early recognition symptom crucial timely medical intervention better outcome,"{'diseases': ['asthma'], 'symptoms': ['diarrhea', 'constipation'], 'treatments': [], 'prevention': [], 'patient_types': [], 'food_recommendations': []}",DiseaseToSymptom,Synthetic,,154,18,3,2025-07-19T20:32:56.913133
10,How does malaria present in patients?,"malaria typically presents with symptoms such as runny nose, sweating. Early recognition of these symptoms is crucial for timely medical intervention and better outcomes.",malaria present patient,malaria typically present symptom runny nose sweating early recognition symptom crucial timely medical intervention better outcome,malaria present patient malaria typically present symptom runny nose sweating early recognition symptom crucial timely medical intervention better outcome,"{'diseases': ['malaria'], 'symptoms': ['sweating', 'runny nose'], 'treatments': [], 'prevention': [], 'patient_types': [], 'food_recommendations': []}",DiseaseToSymptom,Synthetic,,154,19,3,2025-07-19T20:32:56.913767
13,What are the early warning signs of liver disease?,"Early warning signs of liver disease may include headache, loss of taste. These symptoms can develop gradually or suddenly depending on the individual case.",early warning sign disease,early warning sign disease include headache loss taste symptom develop gradually suddenly depending individual case,early warning sign disease early warning sign disease include headache loss taste symptom develop gradually suddenly depending individual case,"{'diseases': [], 'symptoms': ['headache'], 'treatments': [], 'prevention': [], 'patient_types': [], 'food_recommendations': []}",DiseaseToSymptom,Synthetic,,142,19,1,2025-07-19T20:32:56.915552
14,What signs should I look for with allergies?,"Common signs of allergies include nausea, sweating, abdominal pain. If you experience nausea along with other symptoms, seek medical attention promptly.",sign look allergy,common sign allergy include nausea sweating abdominal pain experience nausea symptom seek medical attention promptly,sign look allergy common sign allergy include nausea sweating abdominal pain experience nausea symptom seek medical attention promptly,"{'diseases': [], 'symptoms': ['abdominal pain', 'nausea', 'sweating'], 'treatments': [], 'prevention': [], 'patient_types': [], 'food_recommendations': []}",DiseaseToSymptom,Synthetic,,134,18,3,2025-07-19T20:32:56.916107
15,How does allergies present in patients?,"allergies typically presents with symptoms such as loss of taste, cough. Early recognition of these symptoms is crucial for timely medical intervention and better outcomes.",allergy present patient,allergy typically present symptom loss taste cough early recognition symptom crucial timely medical intervention better outcome,allergy present patient allergy typically present symptom loss taste cough early recognition symptom crucial timely medical intervention better outcome,"{'diseases': [], 'symptoms': ['cough'], 'treatments': [], 'prevention': [], 'patient_types': [], 'food_recommendations': []}",DiseaseToSymptom,Synthetic,,151,19,1,2025-07-19T20:32:56.916708
16,What are the early warning signs of diabetes?,"Early warning signs of diabetes may include abdominal pain, loss of taste, headache. These symptoms can develop gradually or suddenly depending on the individual case.",early warning sign diabetes,early warning sign diabetes include abdominal pain loss taste headache symptom develop gradually suddenly depending individual case,early warning sign diabetes early warning sign diabetes include abdominal pain loss taste headache symptom develop gradually suddenly depending individual case,"{'diseases': ['diabetes'], 'symptoms': ['abdominal pain', 'headache'], 'treatments': [], 'prevention': [], 'patient_types': [], 'food_recommendations': []}",DiseaseToSymptom,Synthetic,,159,21,3,2025-07-19T20:32:56.917359
17,What signs should I look for with common cold?,"Common signs of common cold include body aches, fatigue, sore throat. If you experience body aches along with other symptoms, seek medical attention promptly.",sign look common cold,common sign common cold include body ache fatigue sore throat experience body ache symptom seek medical attention promptly,sign look common cold common sign common cold include body ache fatigue sore throat experience body ache symptom seek medical attention promptly,"{'diseases': ['common cold'], 'symptoms': ['sore throat', 'fatigue'], 'treatments': [], 'prevention': [], 'patient_types': [], 'food_recommendations': []}",DiseaseToSymptom,Synthetic,,144,22,3,2025-07-19T20:32:56.917984
18,What are the early warning signs of asthma?,"Early warning signs of asthma may include constipation, diarrhea. These symptoms can develop gradually or suddenly depending on the individual case.",early warning sign asthma,early warning sign asthma include constipation diarrhea symptom develop gradually suddenly depending individual case,early warning sign asthma early warning sign asthma include constipation diarrhea symptom develop gradually suddenly depending individual case,"{'diseases': ['asthma'], 'symptoms': ['diarrhea', 'constipation'], 'treatments': [], 'prevention': [], 'patient_types': [], 'food_recommendations': []}",DiseaseToSymptom,Synthetic,,142,18,3,2025-07-19T20:32:56.918573
19,What signs should I look for with flu?,"Common signs of flu include sore throat, vomiting. If you experience sore throat along with other symptoms, seek medical attention promptly.",sign look flu,common sign flu include sore throat vomiting experience sore throat symptom seek medical attention promptly,sign look flu common sign flu include sore throat vomiting experience sore throat symptom seek medical attention promptly,"{'diseases': ['flu'], 'symptoms': ['sore throat', 'vomiting'], 'treatments': [], 'prevention': [], 'patient_types': [], 'food_recommendations': []}",DiseaseToSymptom,Synthetic,,121,18,3,2025-07-19T20:32:56.919123
20,What are the symptoms of tuberculosis?,"The main symptoms of tuberculosis include chills, joint pain. These symptoms may vary in severity and it's important to consult a healthcare provider for proper diagnosis and treatment planning.",symptom tuberculosis,main symptom tuberculosis include chill joint pain symptom vary severity important consult healthcare provider proper diagnosis treatment planning,symptom tuberculosis main symptom tuberculosis include chill joint pain symptom vary severity important consult healthcare provider proper diagnosis treatment planning,"{'diseases': ['tuberculosis'], 'symptoms': ['joint pain'], 'treatments': [], 'prevention': [], 'patient_types': [], 'food_recommendations': []}",DiseaseToSymptom,Synthetic,,167,20,2,2025-07-19T20:32:56.919769
22,How does hepatitis present in patients?,"hepatitis typically presents with symptoms such as muscle pain, headache. Early recognition of these symptoms is crucial for timely medical intervention and better outcomes.",hepatitis present patient,hepatitis typically present symptom muscle pain headache early recognition symptom crucial timely medical intervention better outcome,hepatitis present patient hepatitis typically present symptom muscle pain headache early recognition symptom crucial timely medical intervention better outcome,"{'diseases': ['hepatitis'], 'symptoms': ['muscle pain', 'headache'], 'treatments': [], 'prevention': [], 'patient_types': [], 'food_recommendations': []}",DiseaseToSymptom,Synthetic,,159,19,3,2025-07-19T20:32:56.920954
23,What signs should I look for with arthritis?,"Common signs of arthritis include constipation, itching, swelling. If you experience constipation along with other symptoms, seek medical attention promptly.",sign look arthritis,common sign arthritis include constipation itching swelling experience constipation symptom seek medical attention promptly,sign look arthritis common sign arthritis include constipation itching swelling experience constipation symptom seek medical attention promptly,"{'diseases': ['arthritis'], 'symptoms': ['swelling', 'constipation', 'itching'], 'treatments': [], 'prevention': [], 'patient_types': [], 'food_recommendations': []}",DiseaseToSymptom,Synthetic,,143,17,4,2025-07-19T20:32:56.921494
24,What signs should I look for with allergies?,"Common signs of allergies include body aches, abdominal pain, cough. If you experience body aches along with other symptoms, seek medical attention promptly.",sign look allergy,common sign allergy include body ache abdominal pain cough experience body ache symptom seek medical attention promptly,sign look allergy common sign allergy include body ache abdominal pain cough experience body ache symptom seek medical attention promptly,"{'diseases': [], 'symptoms': ['abdominal pain', 'cough'], 'treatments': [], 'prevention': [], 'patient_types': [], 'food_recommendations': []}",DiseaseToSymptom,Synthetic,,137,20,2,2025-07-19T20:32:56.922107
25,How does heart disease present in patients?,"heart disease typically presents with symptoms such as joint pain, bleeding. Early recognition of these symptoms is crucial for timely medical intervention and better outcomes.",heart disease present patient,heart disease typically present symptom joint pain bleeding early recognition symptom crucial timely medical intervention better outcome,heart disease present patient heart disease typically present symptom joint pain bleeding early recognition symptom crucial timely medical intervention better outcome,"{'diseases': ['heart disease'], 'symptoms': ['joint pain', 'bleeding'], 'treatments': [], 'prevention': [], 'patient_types': [], 'food_recommendations': []}",DiseaseToSymptom,Synthetic,,166,21,3,2025-07-19T20:32:56.922737
27,What signs should I look for with hepatitis?,"Common signs of hepatitis include back pain, headache. If you experience back pain along with other symptoms, seek medical attention promptly.",sign look hepatitis,common sign hepatitis include back pain headache experience back pain symptom seek medical attention promptly,sign look hepatitis common sign hepatitis include back pain headache experience back pain symptom seek medical attention promptly,"{'diseases': ['hepatitis'], 'symptoms': ['back pain', 'headache'], 'treatments': [], 'prevention': [], 'patient_types': [], 'food_recommendations': []}",DiseaseToSymptom,Synthetic,,129,18,3,2025-07-19T20:32:56.923860
28,What are the early warning signs of cancer?,"Early warning signs of cancer may include bleeding, loss of taste. These symptoms can develop gradually or suddenly depending on the individual case.",early warning sign cancer,early warning sign cancer include bleeding loss taste symptom develop gradually suddenly depending individual case,early warning sign cancer early warning sign cancer include bleeding loss taste symptom develop gradually suddenly depending individual case,"{'diseases': ['cancer'], 'symptoms': ['bleeding'], 'treatments': [], 'prevention': [], 'patient_types': [], 'food_recommendations': []}",DiseaseToSymptom,Synthetic,,140,19,2,2025-07-19T20:32:56.924421
29,What are the early warning signs of dengue?,"Early warning signs of dengue may include fever, headache. These symptoms can develop gradually or suddenly depending on the individual case.",early warning sign dengue,early warning sign dengue include fever headache symptom develop gradually suddenly depending individual case,early warning sign dengue early warning sign dengue include fever headache symptom develop gradually suddenly depending individual case,"{'diseases': ['dengue'], 'symptoms': ['fever', 'headache'], 'treatments': [], 'prevention': [], 'patient_types': [], 'food_recommendations': []}",DiseaseToSymptom,Synthetic,,135,18,3,2025-07-19T20:32:56.925018
30,What are the symptoms of influenza?,"The main symptoms of influenza include shortness of breath, abdominal pain. These symptoms may vary in severity and it's important to consult a healthcare provider for proper diagnosis and treatment planning.",symptom influenza,main symptom influenza include shortness abdominal pain symptom vary severity important consult healthcare provider proper diagnosis treatment planning,symptom influenza main symptom influenza include shortness abdominal pain symptom vary severity important consult healthcare provider proper diagnosis treatment planning,"{'diseases': ['flu', 'influenza'], 'symptoms': ['abdominal pain'], 'treatments': [], 'prevention': [], 'patient_types': [], 'food_recommendations': []}",DiseaseToSymptom,Synthetic,,169,20,3,2025-07-19T20:32:56.925711
31,What are the symptoms of stroke?,"The main symptoms of stroke include sore throat, shortness of breath. These symptoms may vary in severity and it's important to consult a healthcare provider for proper diagnosis and treatment planning.",symptom stroke,main symptom stroke include sore throat shortness breath symptom vary severity important consult healthcare provider proper diagnosis treatment planning,symptom stroke main symptom stroke include sore throat shortness breath symptom vary severity important consult healthcare provider proper diagnosis treatment planning,"{'diseases': ['stroke'], 'symptoms': ['sore throat'], 'treatments': [], 'prevention': [], 'patient_types': [], 'food_recommendations': []}",DiseaseToSymptom,Synthetic,,167,21,2,2025-07-19T20:32:56.926409
32,How does common cold present in patients?,"common cold typically presents with symptoms such as rash, shortness of breath. Early recognition of these symptoms is crucial for timely medical intervention and better outcomes.",common cold present patient,common cold typically present symptom rash shortness breath early recognition symptom crucial timely medical intervention better outcome,common cold present patient common cold typically present symptom rash shortness breath early recognition symptom crucial timely medical intervention better outcome,"{'diseases': ['common cold'], 'symptoms': ['rash'], 'treatments': [], 'prevention': [], 'patient_types': [], 'food_recommendations': []}",DiseaseToSymptom,Synthetic,,164,21,2,2025-07-19T20:32:56.927079
33,What are the symptoms of tuberculosis?,"The main symptoms of tuberculosis include chest pain, loss of smell. These symptoms may vary in severity and it's important to consult a healthcare provider for proper diagnosis and treatment planning.",symptom tuberculosis,main symptom tuberculosis include chest pain loss smell symptom vary severity important consult healthcare provider proper diagnosis treatment planning,symptom tuberculosis main symptom tuberculosis include chest pain loss smell symptom vary severity important consult healthcare provider proper diagnosis treatment planning,"{'diseases': ['tuberculosis'], 'symptoms': ['chest pain'], 'treatments': [], 'prevention': [], 'patient_types': [], 'food_recommendations': []}",DiseaseToSymptom,Synthetic,,172,21,2,2025-07-19T20:32:56.927752
34,What signs should I look for with hypertension?,"Common signs of hypertension include back pain, neck pain. If you experience back pain along with other symptoms, seek medical attention promptly.",sign look hypertension,common sign hypertension include back pain neck pain experience back pain symptom seek medical attention promptly,sign look hypertension common sign hypertension include back pain neck pain experience back pain symptom seek medical attention promptly,"{'diseases': ['hypertension'], 'symptoms': ['neck pain', 'back pain'], 'treatments': [], 'prevention': [], 'patient_types': [], 'food_recommendations': []}",DiseaseToSymptom,Synthetic,,136,19,3,2025-07-19T20:32:56.928375
35,What are the early warning signs of influenza?,"Early warning signs of influenza may include rash, swelling, abdominal pain. These symptoms can develop gradually or suddenly depending on the individual case.",early warning sign influenza,early warning sign influenza include rash swelling abdominal pain symptom develop gradually suddenly depending individual case,early warning sign influenza early warning sign influenza include rash swelling abdominal pain symptom develop gradually suddenly depending individual case,"{'diseases': ['flu', 'influenza'], 'symptoms': ['swelling', 'abdominal pain', 'rash'], 'treatments': [], 'prevention': [], 'patient_types': [], 'food_recommendations': []}",DiseaseToSymptom,Synthetic,,155,20,5,2025-07-19T20:32:56.929048
36,What are the early warning signs of malaria?,"Early warning signs of malaria may include shortness of breath, swelling, itching. These symptoms can develop gradually or suddenly depending on the individual case.",early warning sign malaria,early warning sign malaria include shortness breath swelling itching symptom develop gradually suddenly depending individual case,early warning sign malaria early warning sign malaria include shortness breath swelling itching symptom develop gradually suddenly depending individual case,"{'diseases': ['malaria'], 'symptoms': ['swelling', 'itching'], 'treatments': [], 'prevention': [], 'patient_types': [], 'food_recommendations': []}",DiseaseToSymptom,Synthetic,,156,20,3,2025-07-19T20:32:56.929713
37,What signs should I look for with cancer?,"Common signs of cancer include sore throat, joint pain. If you experience sore throat along with other symptoms, seek medical attention promptly.",sign look cancer,common sign cancer include sore throat joint pain experience sore throat symptom seek medical attention promptly,sign look cancer common sign cancer include sore throat joint pain experience sore throat symptom seek medical attention promptly,"{'diseases': ['cancer'], 'symptoms': ['sore throat', 'joint pain'], 'treatments': [], 'prevention': [], 'patient_types': [], 'food_recommendations': []}",DiseaseToSymptom,Synthetic,,129,19,3,2025-07-19T20:32:56.930246
38,How does arthritis present in patients?,"arthritis typically presents with symptoms such as runny nose, shortness of breath. Early recognition of these symptoms is crucial for timely medical intervention and better outcomes.",arthritis present patient,arthritis typically present symptom runny nose shortness breath early recognition symptom crucial timely medical intervention better outcome,arthritis present patient arthritis typically present symptom runny nose shortness breath early recognition symptom crucial timely medical intervention better outcome,"{'diseases': ['arthritis'], 'symptoms': ['runny nose'], 'treatments': [], 'prevention': [], 'patient_types': [], 'food_recommendations': []}",DiseaseToSymptom,Synthetic,,166,20,2,2025-07-19T20:32:56.930922
39,What are the symptoms of hypertension?,"The main symptoms of hypertension include loss of smell, body aches. These symptoms may vary in severity and it's important to consult a healthcare provider for proper diagnosis and treatment planning.",symptom hypertension,main symptom hypertension include loss smell body ache symptom vary severity important consult healthcare provider proper diagnosis treatment planning,symptom hypertension main symptom hypertension include loss smell body ache symptom vary severity important consult healthcare provider proper diagnosis treatment planning,"{'diseases': ['hypertension'], 'symptoms': [], 'treatments': [], 'prevention': [], 'patient_types': [], 'food_recommendations': []}",DiseaseToSymptom,Synthetic,,171,21,1,2025-07-19T20:32:56.931602
40,How does sars-cov-2 present in patients?,"sars-cov-2 typically presents with symptoms such as chills, back pain. Early recognition of these symptoms is crucial for timely medical intervention and better outcomes.",present patient,typically present symptom chill back pain early recognition symptom crucial timely medical intervention better outcome,present patient typically present symptom chill back pain early recognition symptom crucial timely medical intervention better outcome,"{'diseases': [], 'symptoms': ['back pain'], 'treatments': [], 'prevention': [], 'patient_types': [], 'food_recommendations': []}",DiseaseToSymptom,Synthetic,,134,17,1,2025-07-19T20:32:56.932239
41,What are the symptoms of bronchitis?,"The main symptoms of bronchitis include joint pain, shortness of breath, muscle pain. These symptoms may vary in severity and it's important to consult a healthcare provider for proper diagnosis and treatment planning.",symptom bronchitis,main symptom bronchitis include joint pain shortness breath muscle pain symptom vary severity important consult healthcare provider proper diagnosis treatment planning,symptom bronchitis main symptom bronchitis include joint pain shortness breath muscle pain symptom vary severity important consult healthcare provider proper diagnosis treatment planning,"{'diseases': ['bronchitis'], 'symptoms': ['joint pain', 'muscle pain'], 'treatments': [], 'prevention': [], 'patient_types': [], 'food_recommendations': []}",DiseaseToSymptom,Synthetic,,186,23,3,2025-07-19T20:32:56.932998
42,What signs should I look for with depression?,"Common signs of depression include shortness of breath, back pain, fatigue. If you experience shortness of breath along with other symptoms, seek medical attention promptly.",sign look depression,common sign depression include shortness breath back pain fatigue experience shortness breath symptom seek medical attention promptly,sign look depression common sign depression include shortness breath back pain fatigue experience shortness breath symptom seek medical attention promptly,"{'diseases': ['depression'], 'symptoms': ['back pain', 'fatigue'], 'treatments': [], 'prevention': [], 'patient_types': [], 'food_recommendations': []}",DiseaseToSymptom,Synthetic,,154,20,3,2025-07-19T20:32:56.933689
43,What are the symptoms of diabetes?,"The main symptoms of diabetes include loss of smell, runny nose. These symptoms may vary in severity and it's important to consult a healthcare provider for proper diagnosis and treatment planning.",symptom diabetes,main symptom diabetes include loss smell runny nose symptom vary severity important consult healthcare provider proper diagnosis treatment planning,symptom diabetes main symptom diabetes include loss smell runny nose symptom vary severity important consult healthcare provider proper diagnosis treatment planning,"{'diseases': ['diabetes'], 'symptoms': ['runny nose'], 'treatments': [], 'prevention': [], 'patient_types': [], 'food_recommendations': []}",DiseaseToSymptom,Synthetic,,164,21,2,2025-07-19T20:32:56.934374
44,What signs should I look for with migraine?,"Common signs of migraine include joint pain, dizziness. If you experience joint pain along with other symptoms, seek medical attention promptly.",sign look migraine,common sign migraine include joint pain dizziness experience joint pain symptom seek medical attention promptly,sign look migraine common sign migraine include joint pain dizziness experience joint pain symptom seek medical attention promptly,"{'diseases': ['migraine'], 'symptoms': ['dizziness', 'joint pain'], 'treatments': [], 'prevention': [], 'patient_types': [], 'food_recommendations': []}",DiseaseToSymptom,Synthetic,,130,18,3,2025-07-19T20:32:56.934944
46,What signs should I look for with malaria?,"Common signs of malaria include dizziness, nausea, bleeding. If you experience dizziness along with other symptoms, seek medical attention promptly.",sign look malaria,common sign malaria include dizziness nausea bleeding experience dizziness symptom seek medical attention promptly,sign look malaria common sign malaria include dizziness nausea bleeding experience dizziness symptom seek medical attention promptly,"{'diseases': ['malaria'], 'symptoms': ['nausea', 'dizziness', 'bleeding'], 'treatments': [], 'prevention': [], 'patient_types': [], 'food_recommendations': []}",DiseaseToSymptom,Synthetic,,132,17,4,2025-07-19T20:32:56.935990
47,What are the symptoms of anxiety?,"The main symptoms of anxiety include runny nose, loss of smell. These symptoms may vary in severity and it's important to consult a healthcare provider for proper diagnosis and treatment planning.",symptom anxiety,main symptom anxiety include runny nose loss smell symptom vary severity important consult healthcare provider proper diagnosis treatment planning,symptom anxiety main symptom anxiety include runny nose loss smell symptom vary severity important consult healthcare provider proper diagnosis treatment planning,"{'diseases': ['anxiety'], 'symptoms': ['runny nose'], 'treatments': [], 'prevention': [], 'patient_types': [], 'food_recommendations': []}",DiseaseToSymptom,Synthetic,,162,21,2,2025-07-19T20:32:56.936678
48,How does kidney disease present in patients?,"kidney disease typically presents with symptoms such as sore throat, chills, diarrhea. Early recognition of these symptoms is crucial for timely medical intervention and better outcomes.",kidney disease present patient,kidney disease typically present symptom sore throat chill diarrhea early recognition symptom crucial timely medical intervention better outcome,kidney disease present patient kidney disease typically present symptom sore throat chill diarrhea early recognition symptom crucial timely medical intervention better outcome,"{'diseases': ['kidney disease'], 'symptoms': ['sore throat', 'diarrhea'], 'treatments': [], 'prevention': [], 'patient_types': [], 'food_recommendations': []}",DiseaseToSymptom,Synthetic,,175,22,3,2025-07-19T20:32:56.937413
49,What signs should I look for with malaria?,"Common signs of malaria include back pain, nausea, headache. If you experience back pain along with other symptoms, seek medical attention promptly.",sign look malaria,common sign malaria include back pain nausea headache experience back pain symptom seek medical attention promptly,sign look malaria common sign malaria include back pain nausea headache experience back pain symptom seek medical attention promptly,"{'diseases': ['malaria'], 'symptoms': ['nausea', 'back pain', 'headache'], 'treatments': [], 'prevention': [], 'patient_types': [], 'food_recommendations': []}",DiseaseToSymptom,Synthetic,,132,19,4,2025-07-19T20:32:56.938005
50,What are the early warning signs of malaria?,"Early warning signs of malaria may include joint pain, chest pain. These symptoms can develop gradually or suddenly depending on the individual case.",early warning sign malaria,early warning sign malaria include joint pain chest pain symptom develop gradually suddenly depending individual case,early warning sign malaria early warning sign malaria include joint pain chest pain symptom develop gradually suddenly depending individual case,"{'diseases': ['malaria'], 'symptoms': ['chest pain', 'joint pain'], 'treatments': [], 'prevention': [], 'patient_types': [], 'food_recommendations': []}",DiseaseToSymptom,Synthetic,,144,20,3,2025-07-19T20:32:56.938665
51,What are the symptoms of liver disease?,"The main symptoms of liver disease include vomiting, muscle pain. These symptoms may vary in severity and it's important to consult a healthcare provider for proper diagnosis and treatment planning.",symptom disease,main symptom liver disease include vomiting muscle pain symptom vary severity important consult healthcare provider proper diagnosis treatment planning,symptom disease main symptom liver disease include vomiting muscle pain symptom vary severity important consult healthcare provider proper diagnosis treatment planning,"{'diseases': ['liver disease'], 'symptoms': ['vomiting', 'muscle pain'], 'treatments': [], 'prevention': [], 'patient_types': [], 'food_recommendations': []}",DiseaseToSymptom,Synthetic,,167,21,3,2025-07-19T20:32:56.939453
52,What are the symptoms of dengue?,"The main symptoms of dengue include runny nose, muscle pain, sweating. These symptoms may vary in severity and it's important to consult a healthcare provider for proper diagnosis and treatment planning.",symptom dengue,main symptom dengue include runny nose muscle pain sweating symptom vary severity important consult healthcare provider proper diagnosis treatment planning,symptom dengue main symptom dengue include runny nose muscle pain sweating symptom vary severity important consult healthcare provider proper diagnosis treatment planning,"{'diseases': ['dengue'], 'symptoms': ['sweating', 'muscle pain', 'runny nose'], 'treatments': [], 'prevention': [], 'patient_types': [], 'food_recommendations': []}",DiseaseToSymptom,Synthetic,,170,22,4,2025-07-19T20:32:56.940163
53,What are the symptoms of common cold?,"The main symptoms of common cold include rash, diarrhea. These symptoms may vary in severity and it's important to consult a healthcare provider for proper diagnosis and treatment planning.",symptom common cold,main symptom common cold include rash diarrhea symptom vary severity important consult healthcare provider proper diagnosis treatment planning,symptom common cold main symptom common cold include rash diarrhea symptom vary severity important consult healthcare provider proper diagnosis treatment planning,"{'diseases': ['common cold'], 'symptoms': ['diarrhea', 'rash'], 'treatments': [], 'prevention': [], 'patient_types': [], 'food_recommendations': []}",DiseaseToSymptom,Synthetic,,162,21,3,2025-07-19T20:32:56.940789
54,How does coronavirus present in patients?,"coronavirus typically presents with symptoms such as body aches, headache. Early recognition of these symptoms is crucial for timely medical intervention and better outcomes.",present patient,typically present symptom body ache headache early recognition symptom crucial timely medical intervention better outcome,present patient typically present symptom body ache headache early recognition symptom crucial timely medical intervention better outcome,"{'diseases': [], 'symptoms': ['headache'], 'treatments': [], 'prevention': [], 'patient_types': [], 'food_recommendations': []}",DiseaseToSymptom,Synthetic,,137,17,1,2025-07-19T20:32:56.941364
55,What signs should I look for with flu?,"Common signs of flu include loss of taste, joint pain, sore throat. If you experience loss of taste along with other symptoms, seek medical attention promptly.",sign look flu,common sign flu include loss taste joint pain sore throat experience loss taste symptom seek medical attention promptly,sign look flu common sign flu include loss taste joint pain sore throat experience loss taste symptom seek medical attention promptly,"{'diseases': ['flu'], 'symptoms': ['sore throat', 'joint pain'], 'treatments': [], 'prevention': [], 'patient_types': [], 'food_recommendations': []}",DiseaseToSymptom,Synthetic,,133,21,3,2025-07-19T20:32:56.941976
56,What are the early warning signs of kidney disease?,"Early warning signs of kidney disease may include diarrhea, sore throat. These symptoms can develop gradually or suddenly depending on the individual case.",early warning sign kidney disease,early warning sign kidney disease include diarrhea sore throat symptom develop gradually suddenly depending individual case,early warning sign kidney disease early warning sign kidney disease include diarrhea sore throat symptom develop gradually suddenly depending individual case,"{'diseases': ['kidney disease'], 'symptoms': ['sore throat', 'diarrhea'], 'treatments': [], 'prevention': [], 'patient_types': [], 'food_recommendations': []}",DiseaseToSymptom,Synthetic,,157,21,3,2025-07-19T20:32:56.942662
58,What signs should I look for with osteoporosis?,"Common signs of osteoporosis include weakness, joint pain, muscle pain. If you experience weakness along with other symptoms, seek medical attention promptly.",sign look osteoporosis,common sign include weakness joint pain muscle pain experience weakness symptom seek medical attention promptly,sign look osteoporosis common sign include weakness joint pain muscle pain experience weakness symptom seek medical attention promptly,"{'diseases': ['osteoporosis'], 'symptoms': ['weakness', 'joint pain', 'muscle pain'], 'treatments': [], 'prevention': [], 'patient_types': [], 'food_recommendations': []}",DiseaseToSymptom,Synthetic,,134,18,4,2025-07-19T20:32:56.943773
59,What signs should I look for with pandemic?,"Common signs of pandemic include diarrhea, itching. If you experience diarrhea along with other symptoms, seek medical attention promptly.",sign look pandemic,common sign pandemic include diarrhea itching experience diarrhea symptom seek medical attention promptly,sign look pandemic common sign pandemic include diarrhea itching experience diarrhea symptom seek medical attention promptly,"{'diseases': ['pandemic'], 'symptoms': ['diarrhea', 'itching'], 'treatments': [], 'prevention': [], 'patient_types': [], 'food_recommendations': []}",DiseaseToSymptom,Synthetic,,124,16,3,2025-07-19T20:32:56.944269
61,What are the early warning signs of covid-19?,"Early warning signs of covid-19 may include loss of smell, runny nose. These symptoms can develop gradually or suddenly depending on the individual case.",early warning sign,early warning sign include loss smell runny nose symptom develop gradually suddenly depending individual case,early warning sign early warning sign include loss smell runny nose symptom develop gradually suddenly depending individual case,"{'diseases': [], 'symptoms': ['runny nose'], 'treatments': [], 'prevention': [], 'patient_types': [], 'food_recommendations': []}",DiseaseToSymptom,Synthetic,,128,18,1,2025-07-19T20:32:56.945301
62,What are the early warning signs of common cold?,"Early warning signs of common cold may include vomiting, fatigue. These symptoms can develop gradually or suddenly depending on the individual case.",early warning sign common cold,early warning sign common cold include vomiting fatigue symptom develop gradually suddenly depending individual case,early warning sign common cold early warning sign common cold include vomiting fatigue symptom develop gradually suddenly depending individual case,"{'diseases': ['common cold'], 'symptoms': ['vomiting', 'fatigue'], 'treatments': [], 'prevention': [], 'patient_types': [], 'food_recommendations': []}",DiseaseToSymptom,Synthetic,,147,20,3,2025-07-19T20:32:56.945911
63,What signs should I look for with hepatitis?,"Common signs of hepatitis include bleeding, chest pain, loss of smell. If you experience bleeding along with other symptoms, seek medical attention promptly.",sign look hepatitis,common sign hepatitis include bleeding chest pain loss smell experience bleeding along symptom seek medical attention promptly,sign look hepatitis common sign hepatitis include bleeding chest pain loss smell experience bleeding along symptom seek medical attention promptly,"{'diseases': ['hepatitis'], 'symptoms': ['chest pain', 'bleeding'], 'treatments': [], 'prevention': [], 'patient_types': [], 'food_recommendations': []}",DiseaseToSymptom,Synthetic,,146,20,3,2025-07-19T20:32:56.946481
64,What are the symptoms of hypertension?,"The main symptoms of hypertension include loss of smell, muscle pain. These symptoms may vary in severity and it's important to consult a healthcare provider for proper diagnosis and treatment planning.",symptom hypertension,main symptom hypertension include loss smell muscle pain symptom vary severity important consult healthcare provider proper diagnosis treatment planning,symptom hypertension main symptom hypertension include loss smell muscle pain symptom vary severity important consult healthcare provider proper diagnosis treatment planning,"{'diseases': ['hypertension'], 'symptoms': ['muscle pain'], 'treatments': [], 'prevention': [], 'patient_types': [], 'food_recommendations': []}",DiseaseToSymptom,Synthetic,,173,21,2,2025-07-19T20:32:56.947145
65,What are the symptoms of common cold?,"The main symptoms of common cold include neck pain, bleeding, sore throat. These symptoms may vary in severity and it's important to consult a healthcare provider for proper diagnosis and treatment planning.",symptom common cold,main symptom common cold include neck pain bleeding sore throat symptom vary severity important consult healthcare provider proper diagnosis treatment planning,symptom common cold main symptom common cold include neck pain bleeding sore throat symptom vary severity important consult healthcare provider proper diagnosis treatment planning,"{'diseases': ['common cold'], 'symptoms': ['sore throat', 'neck pain', 'bleeding'], 'treatments': [], 'prevention': [], 'patient_types': [], 'food_recommendations': []}",DiseaseToSymptom,Synthetic,,179,24,4,2025-07-19T20:32:56.947863
66,What signs should I look for with liver disease?,"Common signs of liver disease include body aches, sore throat, weakness. If you experience body aches along with other symptoms, seek medical attention promptly.",sign look liver disease,common sign liver disease include body ache sore throat weakness experience body ache symptom seek medical attention promptly,sign look liver disease common sign liver disease include body ache sore throat weakness experience body ache symptom seek medical attention promptly,"{'diseases': ['liver disease'], 'symptoms': ['weakness', 'sore throat'], 'treatments': [], 'prevention': [], 'patient_types': [], 'food_recommendations': []}",DiseaseToSymptom,Synthetic,,149,22,3,2025-07-19T20:32:56.948519
67,What are the early warning signs of asthma?,"Early warning signs of asthma may include itching, nausea, weakness. These symptoms can develop gradually or suddenly depending on the individual case.",early warning sign asthma,early warning sign asthma include itching nausea weakness symptom develop gradually suddenly depending individual case,early warning sign asthma early warning sign asthma include itching nausea weakness symptom develop gradually suddenly depending individual case,"{'diseases': ['asthma'], 'symptoms': ['weakness', 'nausea', 'itching'], 'treatments': [], 'prevention': [], 'patient_types': [], 'food_recommendations': []}",DiseaseToSymptom,Synthetic,,144,19,4,2025-07-19T20:32:56.949126
68,What are the early warning signs of osteoporosis?,"Early warning signs of osteoporosis may include chills, fatigue, body aches. These symptoms can develop gradually or suddenly depending on the individual case.",early warning sign osteoporosis,early warning sign osteoporosis include chill fatigue body ache symptom develop gradually suddenly depending individual case,early warning sign osteoporosis early warning sign osteoporosis include chill fatigue body ache symptom develop gradually suddenly depending individual case,"{'diseases': ['osteoporosis'], 'symptoms': ['fatigue'], 'treatments': [], 'prevention': [], 'patient_types': [], 'food_recommendations': []}",DiseaseToSymptom,Synthetic,,156,20,2,2025-07-19T20:32:56.949787
70,What signs should I look for with malaria?,"Common signs of malaria include fever, back pain, cough. If you experience fever along with other symptoms, seek medical attention promptly.",sign look malaria,common sign malaria include fever back pain cough experience fever symptom seek medical attention promptly,sign look malaria common sign malaria include fever back pain cough experience fever symptom seek medical attention promptly,"{'diseases': ['malaria'], 'symptoms': ['fever', 'back pain', 'cough'], 'treatments': [], 'prevention': [], 'patient_types': [], 'food_recommendations': []}",DiseaseToSymptom,Synthetic,,124,18,4,2025-07-19T20:32:56.950827
71,What are the early warning signs of depression?,"Early warning signs of depression may include weakness, sweating, cough. These symptoms can develop gradually or suddenly depending on the individual case.",early warning sign depression,early warning sign depression include weakness sweating cough symptom develop gradually suddenly depending individual case,early warning sign depression early warning sign depression include weakness sweating cough symptom develop gradually suddenly depending individual case,"{'diseases': ['depression'], 'symptoms': ['weakness', 'sweating', 'cough'], 'treatments': [], 'prevention': [], 'patient_types': [], 'food_recommendations': []}",DiseaseToSymptom,Synthetic,,152,19,4,2025-07-19T20:32:56.951436
73,How does flu present in patients?,"flu typically presents with symptoms such as rash, runny nose, loss of taste. Early recognition of these symptoms is crucial for timely medical intervention and better outcomes.",flu present patient,flu typically present symptom rash runny nose loss taste early recognition symptom crucial timely medical intervention better outcome,flu present patient flu typically present symptom rash runny nose loss taste early recognition symptom crucial timely medical intervention better outcome,"{'diseases': ['flu'], 'symptoms': ['rash', 'runny nose'], 'treatments': [], 'prevention': [], 'patient_types': [], 'food_recommendations': []}",DiseaseToSymptom,Synthetic,,153,21,3,2025-07-19T20:32:56.952524
74,What signs should I look for with anxiety?,"Common signs of anxiety include vomiting, shortness of breath. If you experience vomiting along with other symptoms, seek medical attention promptly.",sign look anxiety,common sign anxiety include vomiting shortness breath experience vomiting along symptom seek medical attention promptly,sign look anxiety common sign anxiety include vomiting shortness breath experience vomiting along symptom seek medical attention promptly,"{'diseases': ['anxiety'], 'symptoms': ['vomiting'], 'treatments': [], 'prevention': [], 'patient_types': [], 'food_recommendations': []}",DiseaseToSymptom,Synthetic,,137,18,2,2025-07-19T20:32:56.953059
75,What are the symptoms of influenza?,"The main symptoms of influenza include chest pain, fatigue, loss of taste. These symptoms may vary in severity and it's important to consult a healthcare provider for proper diagnosis and treatment planning.",symptom influenza,main symptom influenza include chest pain fatigue loss taste symptom vary severity important consult healthcare provider proper diagnosis treatment planning,symptom influenza main symptom influenza include chest pain fatigue loss taste symptom vary severity important consult healthcare provider proper diagnosis treatment planning,"{'diseases': ['flu', 'influenza'], 'symptoms': ['chest pain', 'fatigue'], 'treatments': [], 'prevention': [], 'patient_types': [], 'food_recommendations': []}",DiseaseToSymptom,Synthetic,,174,22,4,2025-07-19T20:32:56.953740
76,What are the early warning signs of stroke?,"Early warning signs of stroke may include abdominal pain, bleeding. These symptoms can develop gradually or suddenly depending on the individual case.",early warning sign stroke,early warning sign stroke include abdominal pain bleeding symptom develop gradually suddenly depending individual case,early warning sign stroke early warning sign stroke include abdominal pain bleeding symptom develop gradually suddenly depending individual case,"{'diseases': ['stroke'], 'symptoms': ['abdominal pain', 'bleeding'], 'treatments': [], 'prevention': [], 'patient_types': [], 'food_recommendations': []}",DiseaseToSymptom,Synthetic,,144,19,3,2025-07-19T20:32:56.954368
77,What are the symptoms of cancer?,"The main symptoms of cancer include abdominal pain, swelling, fatigue. These symptoms may vary in severity and it's important to consult a healthcare provider for proper diagnosis and treatment planning.",symptom cancer,main symptom cancer include abdominal pain swelling fatigue symptom vary severity important consult healthcare provider proper diagnosis treatment planning,symptom cancer main symptom cancer include abdominal pain swelling fatigue symptom vary severity important consult healthcare provider proper diagnosis treatment planning,"{'diseases': ['cancer'], 'symptoms': ['swelling', 'abdominal pain', 'fatigue'], 'treatments': [], 'prevention': [], 'patient_types': [], 'food_recommendations': []}",DiseaseToSymptom,Synthetic,,170,21,4,2025-07-19T20:32:56.954999
78,What are the early warning signs of allergies?,"Early warning signs of allergies may include chest pain, constipation. These symptoms can develop gradually or suddenly depending on the individual case.",early warning sign allergy,early warning sign allergy include chest pain constipation symptom develop gradually suddenly depending individual case,early warning sign allergy early warning sign allergy include chest pain constipation symptom develop gradually suddenly depending individual case,"{'diseases': [], 'symptoms': ['chest pain', 'constipation'], 'treatments': [], 'prevention': [], 'patient_types': [], 'food_recommendations': []}",DiseaseToSymptom,Synthetic,,146,19,2,2025-07-19T20:32:56.955648
79,What are the symptoms of hypertension?,"The main symptoms of hypertension include chills, rash, loss of smell. These symptoms may vary in severity and it's important to consult a healthcare provider for proper diagnosis and treatment planning.",symptom hypertension,main symptom hypertension include chill rash loss smell symptom vary severity important consult healthcare provider proper diagnosis treatment planning,symptom hypertension main symptom hypertension include chill rash loss smell symptom vary severity important consult healthcare provider proper diagnosis treatment planning,"{'diseases': ['hypertension'], 'symptoms': ['rash'], 'treatments': [], 'prevention': [], 'patient_types': [], 'food_recommendations': []}",DiseaseToSymptom,Synthetic,,172,21,2,2025-07-19T20:32:56.956319
80,What are the symptoms of heart disease?,"The main symptoms of heart disease include loss of taste, constipation. These symptoms may vary in severity and it's important to consult a healthcare provider for proper diagnosis and treatment planning.",symptom heart disease,main symptom heart disease include loss taste constipation symptom vary severity important consult healthcare provider proper diagnosis treatment planning,symptom heart disease main symptom heart disease include loss taste constipation symptom vary severity important consult healthcare provider proper diagnosis treatment planning,"{'diseases': ['heart disease'], 'symptoms': ['constipation'], 'treatments': [], 'prevention': [], 'patient_types': [], 'food_recommendations': []}",DiseaseToSymptom,Synthetic,,176,22,2,2025-07-19T20:32:56.956963
81,What signs should I look for with osteoporosis?,"Common signs of osteoporosis include joint pain, sweating, cough. If you experience joint pain along with other symptoms, seek medical attention promptly.",sign look osteoporosis,common sign osteoporosis include joint pain sweating cough experience joint pain symptom seek medical attention promptly,sign look osteoporosis common sign osteoporosis include joint pain sweating cough experience joint pain symptom seek medical attention promptly,"{'diseases': ['osteoporosis'], 'symptoms': ['joint pain', 'sweating', 'cough'], 'treatments': [], 'prevention': [], 'patient_types': [], 'food_recommendations': []}",DiseaseToSymptom,Synthetic,,143,19,4,2025-07-19T20:32:56.957579
82,What are the early warning signs of allergies?,"Early warning signs of allergies may include vomiting, dizziness, bleeding. These symptoms can develop gradually or suddenly depending on the individual case.",early warning sign allergy,early warning sign allergy include vomiting dizziness bleeding symptom develop gradually suddenly depending individual case,early warning sign allergy early warning sign allergy include vomiting dizziness bleeding symptom develop gradually suddenly depending individual case,"{'diseases': [], 'symptoms': ['vomiting', 'dizziness', 'bleeding'], 'treatments': [], 'prevention': [], 'patient_types': [], 'food_recommendations': []}",DiseaseToSymptom,Synthetic,,150,19,3,2025-07-19T20:32:56.958226
83,How does hepatitis present in patients?,"hepatitis typically presents with symptoms such as swelling, chest pain, sore throat. Early recognition of these symptoms is crucial for timely medical intervention and better outcomes.",hepatitis present patient,hepatitis typically present symptom swelling chest pain sore throat early recognition symptom crucial timely medical intervention better outcome,hepatitis present patient hepatitis typically present symptom swelling chest pain sore throat early recognition symptom crucial timely medical intervention better outcome,"{'diseases': ['hepatitis'], 'symptoms': ['chest pain', 'sore throat', 'swelling'], 'treatments': [], 'prevention': [], 'patient_types': [], 'food_recommendations': []}",DiseaseToSymptom,Synthetic,,170,21,4,2025-07-19T20:32:56.958919
84,What signs should I look for with kidney disease?,"Common signs of kidney disease include constipation, vomiting, back pain. If you experience constipation along with other symptoms, seek medical attention promptly.",sign look kidney disease,common sign kidney disease include constipation vomiting back pain experience constipation symptom seek medical attention promptly,sign look kidney disease common sign kidney disease include constipation vomiting back pain experience constipation symptom seek medical attention promptly,"{'diseases': ['kidney disease'], 'symptoms': ['vomiting', 'constipation', 'back pain'], 'treatments': [], 'prevention': [], 'patient_types': [], 'food_recommendations': []}",DiseaseToSymptom,Synthetic,,155,20,4,2025-07-19T20:32:56.959581
85,What are the early warning signs of pandemic?,"Early warning signs of pandemic may include vomiting, headache. These symptoms can develop gradually or suddenly depending on the individual case.",early warning sign pandemic,early warning sign pandemic include vomiting headache symptom develop gradually suddenly depending individual case,early warning sign pandemic early warning sign pandemic include vomiting headache symptom develop gradually suddenly depending individual case,"{'diseases': ['pandemic'], 'symptoms': ['vomiting', 'headache'], 'treatments': [], 'prevention': [], 'patient_types': [], 'food_recommendations': []}",DiseaseToSymptom,Synthetic,,142,18,3,2025-07-19T20:32:56.960222
86,What signs should I look for with depression?,"Common signs of depression include chills, weakness. If you experience chills along with other symptoms, seek medical attention promptly.",sign look depression,common sign depression include chill weakness experience chill symptom seek medical attention promptly,sign look depression common sign depression include chill weakness experience chill symptom seek medical attention promptly,"{'diseases': ['depression'], 'symptoms': ['weakness'], 'treatments': [], 'prevention': [], 'patient_types': [], 'food_recommendations': []}",DiseaseToSymptom,Synthetic,,123,16,2,2025-07-19T20:32:56.960717
87,What are the symptoms of hepatitis?,"The main symptoms of hepatitis include nausea, body aches. These symptoms may vary in severity and it's important to consult a healthcare provider for proper diagnosis and treatment planning.",symptom hepatitis,main symptom hepatitis include nausea body ache symptom vary severity important consult healthcare provider proper diagnosis treatment planning,symptom hepatitis main symptom hepatitis include nausea body ache symptom vary severity important consult healthcare provider proper diagnosis treatment planning,"{'diseases': ['hepatitis'], 'symptoms': ['nausea'], 'treatments': [], 'prevention': [], 'patient_types': [], 'food_recommendations': []}",DiseaseToSymptom,Synthetic,,161,20,2,2025-07-19T20:32:56.961376
88,How does malaria present in patients?,"malaria typically presents with symptoms such as body aches, sore throat. Early recognition of these symptoms is crucial for timely medical intervention and better outcomes.",malaria present patient,malaria typically present symptom body ache sore throat early recognition symptom crucial timely medical intervention better outcome,malaria present patient malaria typically present symptom body ache sore throat early recognition symptom crucial timely medical intervention better outcome,"{'diseases': ['malaria'], 'symptoms': ['sore throat'], 'treatments': [], 'prevention': [], 'patient_types': [], 'food_recommendations': []}",DiseaseToSymptom,Synthetic,,156,20,2,2025-07-19T20:32:56.962046
89,How does hypertension present in patients?,"hypertension typically presents with symptoms such as runny nose, body aches, neck pain. Early recognition of these symptoms is crucial for timely medical intervention and better outcomes.",hypertension present patient,hypertension typically present symptom runny nose body ache neck pain early recognition symptom crucial timely medical intervention better outcome,hypertension present patient hypertension typically present symptom runny nose body ache neck pain early recognition symptom crucial timely medical intervention better outcome,"{'diseases': ['hypertension'], 'symptoms': ['neck pain', 'runny nose'], 'treatments': [], 'prevention': [], 'patient_types': [], 'food_recommendations': []}",DiseaseToSymptom,Synthetic,,175,22,3,2025-07-19T20:32:56.962770
90,What are the early warning signs of osteoporosis?,"Early warning signs of osteoporosis may include loss of smell, sore throat, joint pain. These symptoms can develop gradually or suddenly depending on the individual case.",early warning sign osteoporosis,early warning sign osteoporosis include loss smell sore throat joint pain symptom develop gradually suddenly depending individual case,early warning sign osteoporosis early warning sign osteoporosis include loss smell sore throat joint pain symptom develop gradually suddenly depending individual case,"{'diseases': ['osteoporosis'], 'symptoms': ['sore throat', 'joint pain'], 'treatments': [], 'prevention': [], 'patient_types': [], 'food_recommendations': []}",DiseaseToSymptom,Synthetic,,166,22,3,2025-07-19T20:32:56.963461
91,What are the symptoms of stroke?,"The main symptoms of stroke include sweating, chills, shortness of breath. These symptoms may vary in severity and it's important to consult a healthcare provider for proper diagnosis and treatment planning.",symptom stroke,main symptom stroke include sweating chill shortness breath symptom vary severity important consult healthcare provider proper diagnosis treatment planning,symptom stroke main symptom stroke include sweating chill shortness breath symptom vary severity important consult healthcare provider proper diagnosis treatment planning,"{'diseases': ['stroke'], 'symptoms': ['sweating'], 'treatments': [], 'prevention': [], 'patient_types': [], 'food_recommendations': []}",DiseaseToSymptom,Synthetic,,170,21,2,2025-07-19T20:32:56.964163
92,What signs should I look for with pneumonia?,"Common signs of pneumonia include back pain, loss of taste, neck pain. If you experience back pain along with other symptoms, seek medical attention promptly.",sign look pneumonia,common sign pneumonia include back pain loss taste neck pain experience back pain symptom seek medical attention promptly,sign look pneumonia common sign pneumonia include back pain loss taste neck pain experience back pain symptom seek medical attention promptly,"{'diseases': ['pneumonia'], 'symptoms': ['neck pain', 'back pain'], 'treatments': [], 'prevention': [], 'patient_types': [], 'food_recommendations': []}",DiseaseToSymptom,Synthetic,,141,21,3,2025-07-19T20:32:56.964858
93,How does migraine present in patients?,"migraine typically presents with symptoms such as bleeding, runny nose. Early recognition of these symptoms is crucial for timely medical intervention and better outcomes.",migraine present patient,migraine typically present symptom bleeding runny nose early recognition symptom crucial timely medical intervention better outcome,migraine present patient migraine typically present symptom bleeding runny nose early recognition symptom crucial timely medical intervention better outcome,"{'diseases': ['migraine'], 'symptoms': ['bleeding', 'runny nose'], 'treatments': [], 'prevention': [], 'patient_types': [], 'food_recommendations': []}",DiseaseToSymptom,Synthetic,,156,19,3,2025-07-19T20:32:56.965495
94,What are the symptoms of tuberculosis?,"The main symptoms of tuberculosis include body aches, back pain, headache. These symptoms may vary in severity and it's important to consult a healthcare provider for proper diagnosis and treatment planning.",symptom tuberculosis,main symptom tuberculosis include body ache back pain headache symptom vary severity important consult healthcare provider proper diagnosis treatment planning,symptom tuberculosis main symptom tuberculosis include body ache back pain headache symptom vary severity important consult healthcare provider proper diagnosis treatment planning,"{'diseases': ['tuberculosis'], 'symptoms': ['back pain', 'headache'], 'treatments': [], 'prevention': [], 'patient_types': [], 'food_recommendations': []}",DiseaseToSymptom,Synthetic,,179,22,3,2025-07-19T20:32:56.966209
95,What are the early warning signs of migraine?,"Early warning signs of migraine may include neck pain, diarrhea, shortness of breath. These symptoms can develop gradually or suddenly depending on the individual case.",early warning sign migraine,early warning sign migraine include neck pain diarrhea shortness breath symptom develop gradually suddenly depending individual case,early warning sign migraine early warning sign migraine include neck pain diarrhea shortness breath symptom develop gradually suddenly depending individual case,"{'diseases': ['migraine'], 'symptoms': ['diarrhea', 'neck pain'], 'treatments': [], 'prevention': [], 'patient_types': [], 'food_recommendations': []}",DiseaseToSymptom,Synthetic,,160,21,3,2025-07-19T20:32:56.966887
96,How does covid-19 present in patients?,"covid-19 typically presents with symptoms such as itching, joint pain. Early recognition of these symptoms is crucial for timely medical intervention and better outcomes.",present patient,typically present symptom itching joint pain early recognition symptom crucial timely medical intervention better outcome,present patient typically present symptom itching joint pain early recognition symptom crucial timely medical intervention better outcome,"{'diseases': [], 'symptoms': ['joint pain', 'itching'], 'treatments': [], 'prevention': [], 'patient_types': [], 'food_recommendations': []}",DiseaseToSymptom,Synthetic,,137,17,2,2025-07-19T20:32:56.967450
97,How does anxiety present in patients?,"anxiety typically presents with symptoms such as back pain, constipation. Early recognition of these symptoms is crucial for timely medical intervention and better outcomes.",anxiety present patient,anxiety typically present symptom back pain constipation early recognition symptom crucial timely medical intervention better outcome,anxiety present patient anxiety typically present symptom back pain constipation early recognition symptom crucial timely medical intervention better outcome,"{'diseases': ['anxiety'], 'symptoms': ['constipation', 'back pain'], 'treatments': [], 'prevention': [], 'patient_types': [], 'food_recommendations': []}",DiseaseToSymptom,Synthetic,,157,19,3,2025-07-19T20:32:56.968071
99,What are the symptoms of hypertension?,"The main symptoms of hypertension include vomiting, back pain, neck pain. These symptoms may vary in severity and it's important to consult a healthcare provider for proper diagnosis and treatment planning.",symptom hypertension,main symptom hypertension include vomiting back pain neck pain symptom vary severity important consult healthcare provider proper diagnosis treatment planning,symptom hypertension main symptom hypertension include vomiting back pain neck pain symptom vary severity important consult healthcare provider proper diagnosis treatment planning,"{'diseases': ['hypertension'], 'symptoms': ['neck pain', 'vomiting', 'back pain'], 'treatments': [], 'prevention': [], 'patient_types': [], 'food_recommendations': []}",DiseaseToSymptom,Synthetic,,179,22,4,2025-07-19T20:32:56.969277
100,"What should I do if I have rash, runny nose?","If you're experiencing rash, runny nose, it could be related to hepatitis or other conditions. It's important to consult with a healthcare provider for proper evaluation.",rash runny nose,youre experiencing rash runny nose related hepatitis condition important consult healthcare provider proper evaluation,rash runny nose youre experiencing rash runny nose related hepatitis condition important consult healthcare provider proper evaluation,"{'diseases': ['hepatitis'], 'symptoms': ['rash', 'runny nose'], 'treatments': [], 'prevention': [], 'patient_types': [], 'food_recommendations': []}",SymptomToDisease,Synthetic,,134,17,3,2025-07-19T20:32:56.969888
101,"I have dizziness, muscle pain, vomiting. What condition might this be?","The combination of dizziness, muscle pain, vomiting could indicate tuberculosis, but many conditions share similar symptoms. Medical evaluation is necessary for proper diagnosis and care planning.",dizziness muscle pain vomiting condition,combination dizziness muscle pain vomiting indicate tuberculosis many condition share similar symptom medical evaluation necessary proper diagnosis care planning,dizziness muscle pain vomiting condition combination dizziness muscle pain vomiting indicate tuberculosis many condition share similar symptom medical evaluation necessary proper diagnosis care planning,"{'diseases': ['tuberculosis'], 'symptoms': ['vomiting', 'dizziness', 'muscle pain'], 'treatments': [], 'prevention': [], 'patient_types': [], 'food_recommendations': []}",SymptomToDisease,Synthetic,,202,24,4,2025-07-19T20:32:56.970660
102,"What disease could cause joint pain, muscle pain, itching?","Symptoms like joint pain, muscle pain, itching can be associated with several conditions including hypertension. A healthcare professional should evaluate these symptoms for accurate diagnosis and appropriate treatment.",disease cause joint pain muscle pain itching,symptom joint pain muscle pain itching associated several condition including hypertension healthcare professional evaluate symptom accurate diagnosis appropriate treatment,disease cause joint pain muscle pain itching symptom joint pain muscle pain itching associated several condition including hypertension healthcare professional evaluate symptom accurate diagnosis appropriate treatment,"{'diseases': ['hypertension'], 'symptoms': ['itching', 'joint pain', 'muscle pain'], 'treatments': [], 'prevention': [], 'patient_types': [], 'food_recommendations': []}",SymptomToDisease,Synthetic,,217,26,4,2025-07-19T20:32:56.971563
103,"What should I do if I have dizziness, cough?","If you're experiencing dizziness, cough, it could be related to bronchitis or other conditions. It's important to consult with a healthcare provider for proper evaluation.",dizziness cough,youre experiencing dizziness cough related bronchitis condition important consult healthcare provider proper evaluation,dizziness cough youre experiencing dizziness cough related bronchitis condition important consult healthcare provider proper evaluation,"{'diseases': ['bronchitis'], 'symptoms': ['dizziness', 'cough'], 'treatments': [], 'prevention': [], 'patient_types': [], 'food_recommendations': []}",SymptomToDisease,Synthetic,,135,15,3,2025-07-19T20:32:56.972109
104,"What disease could cause loss of taste, sore throat, constipation?","Symptoms like loss of taste, sore throat, constipation can be associated with several conditions including heart disease. A healthcare professional should evaluate these symptoms for accurate diagnosis and appropriate treatment.",disease cause loss taste sore throat constipation,symptom loss taste sore throat constipation associated several condition including heart disease healthcare professional evaluate symptom accurate diagnosis appropriate treatment,disease cause loss taste sore throat constipation symptom loss taste sore throat constipation associated several condition including heart disease healthcare professional evaluate symptom accurate diagnosis appropriate treatment,"{'diseases': ['heart disease'], 'symptoms': ['sore throat', 'constipation'], 'treatments': [], 'prevention': [], 'patient_types': [], 'food_recommendations': []}",SymptomToDisease,Synthetic,,228,27,3,2025-07-19T20:32:56.972899
105,"What should I do if I have itching, chest pain?","If you're experiencing itching, chest pain, it could be related to obesity or other conditions. It's important to consult with a healthcare provider for proper evaluation.",itching chest pain,youre experiencing itching chest pain related obesity condition important consult healthcare provider proper evaluation,itching chest pain youre experiencing itching chest pain related obesity condition important consult healthcare provider proper evaluation,"{'diseases': ['obesity'], 'symptoms': ['chest pain', 'itching'], 'treatments': [], 'prevention': [], 'patient_types': [], 'food_recommendations': []}",SymptomToDisease,Synthetic,,138,17,3,2025-07-19T20:32:56.973494
106,"What should I do if I have constipation, loss of taste?","If you're experiencing constipation, loss of taste, it could be related to covid-19 or other conditions. It's important to consult with a healthcare provider for proper evaluation.",constipation loss taste,youre experiencing constipation loss taste related condition important consult healthcare provider proper evaluation,constipation loss taste youre experiencing constipation loss taste related condition important consult healthcare provider proper evaluation,"{'diseases': [], 'symptoms': ['constipation'], 'treatments': [], 'prevention': [], 'patient_types': [], 'food_recommendations': []}",SymptomToDisease,Synthetic,,140,16,1,2025-07-19T20:32:56.974017
107,"What disease could cause joint pain, loss of taste?","Symptoms like joint pain, loss of taste can be associated with several conditions including pneumonia. A healthcare professional should evaluate these symptoms for accurate diagnosis and appropriate treatment.",disease cause joint pain loss taste,symptom joint pain loss taste associated several condition including pneumonia healthcare professional evaluate symptom accurate diagnosis appropriate treatment,disease cause joint pain loss taste symptom joint pain loss taste associated several condition including pneumonia healthcare professional evaluate symptom accurate diagnosis appropriate treatment,"{'diseases': ['pneumonia'], 'symptoms': ['joint pain'], 'treatments': [], 'prevention': [], 'patient_types': [], 'food_recommendations': []}",SymptomToDisease,Synthetic,,196,24,2,2025-07-19T20:32:56.974755
108,"Could fatigue, dizziness, diarrhea be a sign of coronavirus?","Yes, fatigue, dizziness, diarrhea can be symptoms of coronavirus. However, these symptoms may also occur in other conditions, so professional medical assessment is recommended.",fatigue dizziness diarrhea sign,yes fatigue dizziness diarrhea symptom however symptom also occur condition professional medical assessment recommended,fatigue dizziness diarrhea sign yes fatigue dizziness diarrhea symptom however symptom also occur condition professional medical assessment recommended,"{'diseases': [], 'symptoms': ['diarrhea', 'dizziness', 'fatigue'], 'treatments': [], 'prevention': [], 'patient_types': [], 'food_recommendations': []}",SymptomToDisease,Synthetic,,151,18,3,2025-07-19T20:32:56.975396
109,"I have swelling, diarrhea. What condition might this be?","The combination of swelling, diarrhea could indicate anxiety, but many conditions share similar symptoms. Medical evaluation is necessary for proper diagnosis and care planning.",swelling diarrhea condition,combination swelling diarrhea indicate many condition share similar symptom medical evaluation necessary proper diagnosis care planning,swelling diarrhea condition combination swelling diarrhea indicate many condition share similar symptom medical evaluation necessary proper diagnosis care planning,"{'diseases': [], 'symptoms': ['swelling', 'diarrhea'], 'treatments': [], 'prevention': [], 'patient_types': [], 'food_recommendations': []}",SymptomToDisease,Synthetic,,163,19,2,2025-07-19T20:32:56.976012
110,"What disease could cause abdominal pain, joint pain?","Symptoms like abdominal pain, joint pain can be associated with several conditions including hypertension. A healthcare professional should evaluate these symptoms for accurate diagnosis and appropriate treatment.",disease cause abdominal pain joint pain,symptom abdominal pain joint pain associated several condition including hypertension healthcare professional evaluate symptom accurate diagnosis appropriate treatment,disease cause abdominal pain joint pain symptom abdominal pain joint pain associated several condition including hypertension healthcare professional evaluate symptom accurate diagnosis appropriate treatment,"{'diseases': ['hypertension'], 'symptoms': ['abdominal pain', 'joint pain'], 'treatments': [], 'prevention': [], 'patient_types': [], 'food_recommendations': []}",SymptomToDisease,Synthetic,,207,24,3,2025-07-19T20:32:56.976808
111,"Could nausea, back pain, neck pain be a sign of diabetes?","Yes, nausea, back pain, neck pain can be symptoms of diabetes. However, these symptoms may also occur in other conditions, so professional medical assessment is recommended.",nausea back pain neck pain sign diabetes,yes nausea back pain neck pain symptom diabetes however symptom also occur condition professional medical assessment recommended,nausea back pain neck pain sign diabetes yes nausea back pain neck pain symptom diabetes however symptom also occur condition professional medical assessment recommended,"{'diseases': ['diabetes'], 'symptoms': ['nausea', 'neck pain', 'back pain'], 'treatments': [], 'prevention': [], 'patient_types': [], 'food_recommendations': []}",SymptomToDisease,Synthetic,,169,24,4,2025-07-19T20:32:56.977582
112,"Could swelling, fatigue be a sign of arthritis?","Yes, swelling, fatigue can be symptoms of arthritis. However, these symptoms may also occur in other conditions, so professional medical assessment is recommended.",swelling fatigue sign arthritis,yes swelling fatigue symptom arthritis however symptom also occur condition professional medical assessment recommended,swelling fatigue sign arthritis yes swelling fatigue symptom arthritis however symptom also occur condition professional medical assessment recommended,"{'diseases': ['arthritis'], 'symptoms': ['swelling', 'fatigue'], 'treatments': [], 'prevention': [], 'patient_types': [], 'food_recommendations': []}",SymptomToDisease,Synthetic,,151,18,3,2025-07-19T20:32:56.978163
113,"Could swelling, runny nose, abdominal pain be a sign of pneumonia?","Yes, swelling, runny nose, abdominal pain can be symptoms of pneumonia. However, these symptoms may also occur in other conditions, so professional medical assessment is recommended.",swelling runny nose abdominal pain sign pneumonia,yes swelling runny nose abdominal pain symptom pneumonia however symptom also occur condition professional medical assessment recommended,swelling runny nose abdominal pain sign pneumonia yes swelling runny nose abdominal pain symptom pneumonia however symptom also occur condition professional medical assessment recommended,"{'diseases': ['pneumonia'], 'symptoms': ['swelling', 'abdominal pain', 'runny nose'], 'treatments': [], 'prevention': [], 'patient_types': [], 'food_recommendations': []}",SymptomToDisease,Synthetic,,187,24,4,2025-07-19T20:32:56.978913
114,"What disease could cause shortness of breath, chills?","Symptoms like shortness of breath, chills can be associated with several conditions including covid-19. A healthcare professional should evaluate these symptoms for accurate diagnosis and appropriate treatment.",disease cause shortness breath chill,symptom shortness breath chill associated several condition including healthcare professional evaluate symptom accurate diagnosis appropriate treatment,disease cause shortness breath chill symptom shortness breath chill associated several condition including healthcare professional evaluate symptom accurate diagnosis appropriate treatment,"{'diseases': [], 'symptoms': [], 'treatments': [], 'prevention': [], 'patient_types': [], 'food_recommendations': []}",SymptomToDisease,Synthetic,,188,21,0,2025-07-19T20:32:56.979626
115,"What disease could cause body aches, weakness, dizziness?","Symptoms like body aches, weakness, dizziness can be associated with several conditions including cancer. A healthcare professional should evaluate these symptoms for accurate diagnosis and appropriate treatment.",disease cause body ache weakness dizziness,symptom body ache weakness dizziness associated several condition including cancer healthcare professional evaluate symptom accurate diagnosis appropriate treatment,disease cause body ache weakness dizziness symptom body ache weakness dizziness associated several condition including cancer healthcare professional evaluate symptom accurate diagnosis appropriate treatment,"{'diseases': ['cancer'], 'symptoms': ['weakness', 'dizziness'], 'treatments': [], 'prevention': [], 'patient_types': [], 'food_recommendations': []}",SymptomToDisease,Synthetic,,207,24,3,2025-07-19T20:32:56.980342
116,"I have runny nose, diarrhea. What condition might this be?","The combination of runny nose, diarrhea could indicate flu, but many conditions share similar symptoms. Medical evaluation is necessary for proper diagnosis and care planning.",runny nose diarrhea condition,combination runny nose diarrhea indicate flu many condition share similar symptom medical evaluation necessary proper diagnosis care planning,runny nose diarrhea condition combination runny nose diarrhea indicate flu many condition share similar symptom medical evaluation necessary proper diagnosis care planning,"{'diseases': ['flu'], 'symptoms': ['diarrhea', 'runny nose'], 'treatments': [], 'prevention': [], 'patient_types': [], 'food_recommendations': []}",SymptomToDisease,Synthetic,,171,22,3,2025-07-19T20:32:56.981009
117,"What should I do if I have neck pain, nausea?","If you're experiencing neck pain, nausea, it could be related to malaria or other conditions. It's important to consult with a healthcare provider for proper evaluation.",neck pain nausea,youre experiencing neck pain nausea related malaria condition important consult healthcare provider proper evaluation,neck pain nausea youre experiencing neck pain nausea related malaria condition important consult healthcare provider proper evaluation,"{'diseases': ['malaria'], 'symptoms': ['nausea', 'neck pain'], 'treatments': [], 'prevention': [], 'patient_types': [], 'food_recommendations': []}",SymptomToDisease,Synthetic,,134,17,3,2025-07-19T20:32:56.981617
118,"Could abdominal pain, cough be a sign of kidney disease?","Yes, abdominal pain, cough can be symptoms of kidney disease. However, these symptoms may also occur in other conditions, so professional medical assessment is recommended.",abdominal pain cough sign kidney disease,abdominal pain cough symptom kidney disease however symptom also occur condition professional medical assessment recommended,abdominal pain cough sign kidney disease abdominal pain cough symptom kidney disease however symptom also occur condition professional medical assessment recommended,"{'diseases': ['kidney disease'], 'symptoms': ['abdominal pain', 'cough'], 'treatments': [], 'prevention': [], 'patient_types': [], 'food_recommendations': []}",SymptomToDisease,Synthetic,,165,21,3,2025-07-19T20:32:56.982311
119,"What disease could cause runny nose, rash?","Symptoms like runny nose, rash can be associated with several conditions including stroke. A healthcare professional should evaluate these symptoms for accurate diagnosis and appropriate treatment.",disease cause runny nose rash,symptom runny nose rash associated several condition including stroke healthcare professional evaluate symptom accurate diagnosis appropriate treatment,disease cause runny nose rash symptom runny nose rash associated several condition including stroke healthcare professional evaluate symptom accurate diagnosis appropriate treatment,"{'diseases': ['stroke'], 'symptoms': ['rash', 'runny nose'], 'treatments': [], 'prevention': [], 'patient_types': [], 'food_recommendations': []}",SymptomToDisease,Synthetic,,181,22,3,2025-07-19T20:32:56.983037
120,"What disease could cause runny nose, shortness of breath?","Symptoms like runny nose, shortness of breath can be associated with several conditions including liver disease. A healthcare professional should evaluate these symptoms for accurate diagnosis and appropriate treatment.",disease cause runny nose shortness breath,symptom runny nose shortness breath associated several condition including liver disease healthcare professional evaluate symptom accurate diagnosis appropriate treatment,disease cause runny nose shortness breath symptom runny nose shortness breath associated several condition including liver disease healthcare professional evaluate symptom accurate diagnosis appropriate treatment,"{'diseases': ['liver disease'], 'symptoms': ['runny nose'], 'treatments': [], 'prevention': [], 'patient_types': [], 'food_recommendations': []}",SymptomToDisease,Synthetic,,212,25,2,2025-07-19T20:32:56.983854
121,"I have diarrhea, loss of smell. What condition might this be?","The combination of diarrhea, loss of smell could indicate flu, but many conditions share similar symptoms. Medical evaluation is necessary for proper diagnosis and care planning.",diarrhea loss smell condition,combination diarrhea loss smell indicate flu many condition share similar symptom medical evaluation necessary proper diagnosis care planning,diarrhea loss smell condition combination diarrhea loss smell indicate flu many condition share similar symptom medical evaluation necessary proper diagnosis care planning,"{'diseases': ['flu'], 'symptoms': ['diarrhea'], 'treatments': [], 'prevention': [], 'patient_types': [], 'food_recommendations': []}",SymptomToDisease,Synthetic,,171,22,2,2025-07-19T20:32:56.984477
122,"What should I do if I have nausea, cough, shortness of breath?","If you're experiencing nausea, cough, shortness of breath, it could be related to hypertension or other conditions. It's important to consult with a healthcare provider for proper evaluation.",nausea cough shortness breath,youre experiencing nausea cough shortness breath related hypertension condition important consult healthcare provider proper evaluation,nausea cough shortness breath youre experiencing nausea cough shortness breath related hypertension condition important consult healthcare provider proper evaluation,"{'diseases': ['hypertension'], 'symptoms': ['nausea', 'cough'], 'treatments': [], 'prevention': [], 'patient_types': [], 'food_recommendations': []}",SymptomToDisease,Synthetic,,165,19,3,2025-07-19T20:32:56.985156
123,"Could cough, headache be a sign of arthritis?","Yes, cough, headache can be symptoms of arthritis. However, these symptoms may also occur in other conditions, so professional medical assessment is recommended.",cough headache sign arthritis,yes cough headache symptom arthritis however symptom also occur condition professional medical assessment recommended,cough headache sign arthritis yes cough headache symptom arthritis however symptom also occur condition professional medical assessment recommended,"{'diseases': ['arthritis'], 'symptoms': ['headache', 'cough'], 'treatments': [], 'prevention': [], 'patient_types': [], 'food_recommendations': []}",SymptomToDisease,Synthetic,,147,18,3,2025-07-19T20:32:56.985734
124,"What should I do if I have cough, loss of smell, headache?","If you're experiencing cough, loss of smell, headache, it could be related to covid-19 or other conditions. It's important to consult with a healthcare provider for proper evaluation.",cough loss smell headache,youre experiencing cough loss smell headache related condition important consult healthcare provider proper evaluation,cough loss smell headache youre experiencing cough loss smell headache related condition important consult healthcare provider proper evaluation,"{'diseases': [], 'symptoms': ['headache', 'cough'], 'treatments': [], 'prevention': [], 'patient_types': [], 'food_recommendations': []}",SymptomToDisease,Synthetic,,144,18,2,2025-07-19T20:32:56.986329
125,"What disease could cause body aches, vomiting?","Symptoms like body aches, vomiting can be associated with several conditions including flu. A healthcare professional should evaluate these symptoms for accurate diagnosis and appropriate treatment.",disease cause body ache vomiting,symptom body ache vomiting associated several condition including flu healthcare professional evaluate symptom accurate diagnosis appropriate treatment,disease cause body ache vomiting symptom body ache vomiting associated several condition including flu healthcare professional evaluate symptom accurate diagnosis appropriate treatment,"{'diseases': ['flu'], 'symptoms': ['vomiting'], 'treatments': [], 'prevention': [], 'patient_types': [], 'food_recommendations': []}",SymptomToDisease,Synthetic,,184,22,2,2025-07-19T20:32:56.987063
126,"What disease could cause neck pain, headache?","Symptoms like neck pain, headache can be associated with several conditions including liver disease. A healthcare professional should evaluate these symptoms for accurate diagnosis and appropriate treatment.",disease cause neck pain headache,symptom neck pain headache associated several condition including liver disease healthcare professional evaluate symptom accurate diagnosis appropriate treatment,disease cause neck pain headache symptom neck pain headache associated several condition including liver disease healthcare professional evaluate symptom accurate diagnosis appropriate treatment,"{'diseases': ['liver disease'], 'symptoms': ['neck pain', 'headache'], 'treatments': [], 'prevention': [], 'patient_types': [], 'food_recommendations': []}",SymptomToDisease,Synthetic,,194,23,3,2025-07-19T20:32:56.987827
127,"What disease could cause diarrhea, loss of smell?","Symptoms like diarrhea, loss of smell can be associated with several conditions including sars-cov-2. A healthcare professional should evaluate these symptoms for accurate diagnosis and appropriate treatment.",disease cause diarrhea loss smell,symptom diarrhea loss smell associated several condition including healthcare professional evaluate symptom accurate diagnosis appropriate treatment,disease cause diarrhea loss smell symptom diarrhea loss smell associated several condition including healthcare professional evaluate symptom accurate diagnosis appropriate treatment,"{'diseases': [], 'symptoms': ['diarrhea'], 'treatments': [], 'prevention': [], 'patient_types': [], 'food_recommendations': []}",SymptomToDisease,Synthetic,,182,21,1,2025-07-19T20:32:56.988486
128,"I have chills, chest pain. What condition might this be?","The combination of chills, chest pain could indicate common cold, but many conditions share similar symptoms. Medical evaluation is necessary for proper diagnosis and care planning.",chill chest pain condition,combination chill chest pain indicate common cold many condition share similar symptom medical evaluation necessary proper diagnosis care planning,chill chest pain condition combination chill chest pain indicate common cold many condition share similar symptom medical evaluation necessary proper diagnosis care planning,"{'diseases': ['common cold'], 'symptoms': ['chest pain'], 'treatments': [], 'prevention': [], 'patient_types': [], 'food_recommendations': []}",SymptomToDisease,Synthetic,,173,23,2,2025-07-19T20:32:56.989187
129,"I have fever, shortness of breath. What condition might this be?","The combination of fever, shortness of breath could indicate coronavirus, but many conditions share similar symptoms. Medical evaluation is necessary for proper diagnosis and care planning.",fever shortness breath condition,combination fever shortness breath indicate many condition share similar symptom medical evaluation necessary proper diagnosis care planning,fever shortness breath condition combination fever shortness breath indicate many condition share similar symptom medical evaluation necessary proper diagnosis care planning,"{'diseases': [], 'symptoms': ['fever'], 'treatments': [], 'prevention': [], 'patient_types': [], 'food_recommendations': []}",SymptomToDisease,Synthetic,,173,21,1,2025-07-19T20:32:56.989857
130,"What should I do if I have joint pain, bleeding, chills?","If you're experiencing joint pain, bleeding, chills, it could be related to sars-cov-2 or other conditions. It's important to consult with a healthcare provider for proper evaluation.",joint pain bleeding chill,youre experiencing joint pain bleeding chill related condition important consult healthcare provider proper evaluation,joint pain bleeding chill youre experiencing joint pain bleeding chill related condition important consult healthcare provider proper evaluation,"{'diseases': [], 'symptoms': ['joint pain', 'bleeding'], 'treatments': [], 'prevention': [], 'patient_types': [], 'food_recommendations': []}",SymptomToDisease,Synthetic,,144,18,2,2025-07-19T20:32:56.990526
131,"Could sore throat, swelling be a sign of kidney disease?","Yes, sore throat, swelling can be symptoms of kidney disease. However, these symptoms may also occur in other conditions, so professional medical assessment is recommended.",sore throat swelling sign kidney disease,yes sore throat swelling symptom kidney disease however symptom also occur condition professional medical assessment recommended,sore throat swelling sign kidney disease yes sore throat swelling symptom kidney disease however symptom also occur condition professional medical assessment recommended,"{'diseases': ['kidney disease'], 'symptoms': ['swelling', 'sore throat'], 'treatments': [], 'prevention': [], 'patient_types': [], 'food_recommendations': []}",SymptomToDisease,Synthetic,,169,22,3,2025-07-19T20:32:56.991221
132,"I have fatigue, muscle pain, runny nose. What condition might this be?","The combination of fatigue, muscle pain, runny nose could indicate sars-cov-2, but many conditions share similar symptoms. Medical evaluation is necessary for proper diagnosis and care planning.",fatigue muscle pain runny nose condition,combination fatigue muscle pain runny nose indicate many condition share similar symptom medical evaluation necessary proper diagnosis care planning,fatigue muscle pain runny nose condition combination fatigue muscle pain runny nose indicate many condition share similar symptom medical evaluation necessary proper diagnosis care planning,"{'diseases': [], 'symptoms': ['runny nose', 'muscle pain', 'fatigue'], 'treatments': [], 'prevention': [], 'patient_types': [], 'food_recommendations': []}",SymptomToDisease,Synthetic,,189,25,3,2025-07-19T20:32:56.992013
133,"What disease could cause chest pain, loss of smell?","Symptoms like chest pain, loss of smell can be associated with several conditions including covid-19. A healthcare professional should evaluate these symptoms for accurate diagnosis and appropriate treatment.",disease cause chest pain loss smell,symptom chest pain loss smell associated several condition including healthcare professional evaluate symptom accurate diagnosis appropriate treatment,disease cause chest pain loss smell symptom chest pain loss smell associated several condition including healthcare professional evaluate symptom accurate diagnosis appropriate treatment,"{'diseases': [], 'symptoms': ['chest pain'], 'treatments': [], 'prevention': [], 'patient_types': [], 'food_recommendations': []}",SymptomToDisease,Synthetic,,186,23,1,2025-07-19T20:32:56.992735
134,"What should I do if I have swelling, bleeding?","If you're experiencing swelling, bleeding, it could be related to pandemic or other conditions. It's important to consult with a healthcare provider for proper evaluation.",swelling bleeding,youre experiencing swelling bleeding related pandemic condition important consult healthcare provider proper evaluation,swelling bleeding youre experiencing swelling bleeding related pandemic condition important consult healthcare provider proper evaluation,"{'diseases': ['pandemic'], 'symptoms': ['swelling', 'bleeding'], 'treatments': [], 'prevention': [], 'patient_types': [], 'food_recommendations': []}",SymptomToDisease,Synthetic,,137,15,3,2025-07-19T20:32:56.993302
135,"Could body aches, itching, rash be a sign of arthritis?","Yes, body aches, itching, rash can be symptoms of arthritis. However, these symptoms may also occur in other conditions, so professional medical assessment is recommended.",body ache itching rash sign arthritis,yes body ache itching rash symptom arthritis however symptom also occur condition professional medical assessment recommended,body ache itching rash sign arthritis yes body ache itching rash symptom arthritis however symptom also occur condition professional medical assessment recommended,"{'diseases': ['arthritis'], 'symptoms': ['rash', 'itching'], 'treatments': [], 'prevention': [], 'patient_types': [], 'food_recommendations': []}",SymptomToDisease,Synthetic,,163,22,3,2025-07-19T20:32:56.994006
136,"Could rash, runny nose, muscle pain be a sign of pandemic?","Yes, rash, runny nose, muscle pain can be symptoms of pandemic. However, these symptoms may also occur in other conditions, so professional medical assessment is recommended.",rash runny nose muscle pain sign pandemic,yes rash runny nose muscle pain symptom pandemic however symptom also occur condition professional medical assessment recommended,rash runny nose muscle pain sign pandemic yes rash runny nose muscle pain symptom pandemic however symptom also occur condition professional medical assessment recommended,"{'diseases': ['pandemic'], 'symptoms': ['rash', 'muscle pain', 'runny nose'], 'treatments': [], 'prevention': [], 'patient_types': [], 'food_recommendations': []}",SymptomToDisease,Synthetic,,171,24,4,2025-07-19T20:32:56.994759
137,"I have runny nose, itching, headache. What condition might this be?","The combination of runny nose, itching, headache could indicate pneumonia, but many conditions share similar symptoms. Medical evaluation is necessary for proper diagnosis and care planning.",runny nose itching headache condition,combination runny nose itching headache indicate pneumonia many condition share similar symptom medical evaluation necessary proper diagnosis care planning,runny nose itching headache condition combination runny nose itching headache indicate pneumonia many condition share similar symptom medical evaluation necessary proper diagnosis care planning,"{'diseases': ['pneumonia'], 'symptoms': ['runny nose', 'itching', 'headache'], 'treatments': [], 'prevention': [], 'patient_types': [], 'food_recommendations': []}",SymptomToDisease,Synthetic,,193,24,4,2025-07-19T20:32:56.995493
138,"Could fatigue, fever, neck pain be a sign of depression?","Yes, fatigue, fever, neck pain can be symptoms of depression. However, these symptoms may also occur in other conditions, so professional medical assessment is recommended.",fatigue fever neck pain sign depression,yes fatigue fever neck pain symptom depression however symptom also occur condition professional medical assessment recommended,fatigue fever neck pain sign depression yes fatigue fever neck pain symptom depression however symptom also occur condition professional medical assessment recommended,"{'diseases': ['depression'], 'symptoms': ['fever', 'neck pain', 'fatigue'], 'treatments': [], 'prevention': [], 'patient_types': [], 'food_recommendations': []}",SymptomToDisease,Synthetic,,167,22,4,2025-07-19T20:32:56.996200
139,"Could abdominal pain, loss of taste be a sign of osteoporosis?","Yes, abdominal pain, loss of taste can be symptoms of osteoporosis. However, these symptoms may also occur in other conditions, so professional medical assessment is recommended.",abdominal pain loss taste sign osteoporosis,abdominal pain loss taste symptom osteoporosis however symptom also occur condition professional medical assessment recommended,abdominal pain loss taste sign osteoporosis abdominal pain loss taste symptom osteoporosis however symptom also occur condition professional medical assessment recommended,"{'diseases': ['osteoporosis'], 'symptoms': ['abdominal pain'], 'treatments': [], 'prevention': [], 'patient_types': [], 'food_recommendations': []}",SymptomToDisease,Synthetic,,171,21,2,2025-07-19T20:32:56.996849
140,"What disease could cause cough, muscle pain?","Symptoms like cough, muscle pain can be associated with several conditions including cancer. A healthcare professional should evaluate these symptoms for accurate diagnosis and appropriate treatment.",disease cause cough muscle pain,symptom cough muscle pain associated several condition including cancer healthcare professional evaluate symptom accurate diagnosis appropriate treatment,disease cause cough muscle pain symptom cough muscle pain associated several condition including cancer healthcare professional evaluate symptom accurate diagnosis appropriate treatment,"{'diseases': ['cancer'], 'symptoms': ['muscle pain', 'cough'], 'treatments': [], 'prevention': [], 'patient_types': [], 'food_recommendations': []}",SymptomToDisease,Synthetic,,185,22,3,2025-07-19T20:32:56.997558
141,"I have muscle pain, dizziness, vomiting. What condition might this be?","The combination of muscle pain, dizziness, vomiting could indicate covid-19, but many conditions share similar symptoms. Medical evaluation is necessary for proper diagnosis and care planning.",muscle pain dizziness vomiting condition,combination muscle pain dizziness vomiting indicate many condition share similar symptom medical evaluation necessary proper diagnosis care planning,muscle pain dizziness vomiting condition combination muscle pain dizziness vomiting indicate many condition share similar symptom medical evaluation necessary proper diagnosis care planning,"{'diseases': [], 'symptoms': ['vomiting', 'dizziness', 'muscle pain'], 'treatments': [], 'prevention': [], 'patient_types': [], 'food_recommendations': []}",SymptomToDisease,Synthetic,,189,23,3,2025-07-19T20:32:56.998276
142,"What disease could cause constipation, loss of smell, diarrhea?","Symptoms like constipation, loss of smell, diarrhea can be associated with several conditions including kidney disease. A healthcare professional should evaluate these symptoms for accurate diagnosis and appropriate treatment.",disease cause constipation loss smell diarrhea,symptom constipation loss smell diarrhea associated several condition including kidney disease healthcare professional evaluate symptom accurate diagnosis appropriate treatment,disease cause constipation loss smell diarrhea symptom constipation loss smell diarrhea associated several condition including kidney disease healthcare professional evaluate symptom accurate diagnosis appropriate treatment,"{'diseases': ['kidney disease'], 'symptoms': ['diarrhea', 'constipation'], 'treatments': [], 'prevention': [], 'patient_types': [], 'food_recommendations': []}",SymptomToDisease,Synthetic,,223,25,3,2025-07-19T20:32:56.999075
143,"Could neck pain, shortness of breath be a sign of arthritis?","Yes, neck pain, shortness of breath can be symptoms of arthritis. However, these symptoms may also occur in other conditions, so professional medical assessment is recommended.",neck pain shortness breath sign arthritis,yes neck pain shortness breath symptom arthritis however symptom also occur condition professional medical assessment recommended,neck pain shortness breath sign arthritis yes neck pain shortness breath symptom arthritis however symptom also occur condition professional medical assessment recommended,"{'diseases': ['arthritis'], 'symptoms': ['neck pain'], 'treatments': [], 'prevention': [], 'patient_types': [], 'food_recommendations': []}",SymptomToDisease,Synthetic,,171,22,2,2025-07-19T20:32:56.999778
144,"What should I do if I have back pain, dizziness, muscle pain?","If you're experiencing back pain, dizziness, muscle pain, it could be related to bronchitis or other conditions. It's important to consult with a healthcare provider for proper evaluation.",back pain dizziness muscle pain,youre experiencing back pain dizziness muscle pain related bronchitis condition important consult healthcare provider proper evaluation,back pain dizziness muscle pain youre experiencing back pain dizziness muscle pain related bronchitis condition important consult healthcare provider proper evaluation,"{'diseases': ['bronchitis'], 'symptoms': ['back pain', 'dizziness', 'muscle pain'], 'treatments': [], 'prevention': [], 'patient_types': [], 'food_recommendations': []}",SymptomToDisease,Synthetic,,167,21,4,2025-07-19T20:32:57.000533
145,"I have cough, itching, neck pain. What condition might this be?","The combination of cough, itching, neck pain could indicate flu, but many conditions share similar symptoms. Medical evaluation is necessary for proper diagnosis and care planning.",cough itching neck pain condition,combination cough itching neck pain indicate flu many condition share similar symptom medical evaluation necessary proper diagnosis care planning,cough itching neck pain condition combination cough itching neck pain indicate flu many condition share similar symptom medical evaluation necessary proper diagnosis care planning,"{'diseases': ['flu'], 'symptoms': ['neck pain', 'itching', 'cough'], 'treatments': [], 'prevention': [], 'patient_types': [], 'food_recommendations': []}",SymptomToDisease,Synthetic,,179,24,4,2025-07-19T20:32:57.001307
146,"What should I do if I have rash, joint pain?","If you're experiencing rash, joint pain, it could be related to flu or other conditions. It's important to consult with a healthcare provider for proper evaluation.",rash joint pain,youre experiencing rash joint pain related flu condition important consult healthcare provider proper evaluation,rash joint pain youre experiencing rash joint pain related flu condition important consult healthcare provider proper evaluation,"{'diseases': ['flu'], 'symptoms': ['rash', 'joint pain'], 'treatments': [], 'prevention': [], 'patient_types': [], 'food_recommendations': []}",SymptomToDisease,Synthetic,,128,17,3,2025-07-19T20:32:57.001957
147,"I have neck pain, fatigue. What condition might this be?","The combination of neck pain, fatigue could indicate dengue, but many conditions share similar symptoms. Medical evaluation is necessary for proper diagnosis and care planning.",neck pain fatigue condition,combination neck pain fatigue indicate dengue many condition share similar symptom medical evaluation necessary proper diagnosis care planning,neck pain fatigue condition combination neck pain fatigue indicate dengue many condition share similar symptom medical evaluation necessary proper diagnosis care planning,"{'diseases': ['dengue'], 'symptoms': ['neck pain', 'fatigue'], 'treatments': [], 'prevention': [], 'patient_types': [], 'food_recommendations': []}",SymptomToDisease,Synthetic,,170,22,3,2025-07-19T20:32:57.002683
148,"What disease could cause sore throat, chills, headache?","Symptoms like sore throat, chills, headache can be associated with several conditions including obesity. A healthcare professional should evaluate these symptoms for accurate diagnosis and appropriate treatment.",disease cause sore throat chill headache,symptom sore throat chill headache associated several condition including obesity healthcare professional evaluate symptom accurate diagnosis appropriate treatment,disease cause sore throat chill headache symptom sore throat chill headache associated several condition including obesity healthcare professional evaluate symptom accurate diagnosis appropriate treatment,"{'diseases': ['obesity'], 'symptoms': ['sore throat', 'headache'], 'treatments': [], 'prevention': [], 'patient_types': [], 'food_recommendations': []}",SymptomToDisease,Synthetic,,204,24,3,2025-07-19T20:32:57.003540
149,"I have runny nose, diarrhea, itching. What condition might this be?","The combination of runny nose, diarrhea, itching could indicate migraine, but many conditions share similar symptoms. Medical evaluation is necessary for proper diagnosis and care planning.",runny nose diarrhea itching condition,combination runny nose diarrhea itching indicate migraine many condition share similar symptom medical evaluation necessary proper diagnosis care planning,runny nose diarrhea itching condition combination runny nose diarrhea itching indicate migraine many condition share similar symptom medical evaluation necessary proper diagnosis care planning,"{'diseases': ['migraine'], 'symptoms': ['diarrhea', 'itching', 'runny nose'], 'treatments': [], 'prevention': [], 'patient_types': [], 'food_recommendations': []}",SymptomToDisease,Synthetic,,192,24,4,2025-07-19T20:32:57.004305
150,"I have itching, bleeding, neck pain. What condition might this be?","The combination of itching, bleeding, neck pain could indicate asthma, but many conditions share similar symptoms. Medical evaluation is necessary for proper diagnosis and care planning.",itching bleeding neck pain condition,combination itching bleeding neck pain indicate many condition share similar symptom medical evaluation necessary proper diagnosis care planning,itching bleeding neck pain condition combination itching bleeding neck pain indicate many condition share similar symptom medical evaluation necessary proper diagnosis care planning,"{'diseases': [], 'symptoms': ['neck pain', 'itching', 'bleeding'], 'treatments': [], 'prevention': [], 'patient_types': [], 'food_recommendations': []}",SymptomToDisease,Synthetic,,181,23,3,2025-07-19T20:32:57.005055
151,"I have chest pain, diarrhea. What condition might this be?","The combination of chest pain, diarrhea could indicate migraine, but many conditions share similar symptoms. Medical evaluation is necessary for proper diagnosis and care planning.",chest pain diarrhea condition,combination chest pain diarrhea indicate migraine many condition share similar symptom medical evaluation necessary proper diagnosis care planning,chest pain diarrhea condition combination chest pain diarrhea indicate migraine many condition share similar symptom medical evaluation necessary proper diagnosis care planning,"{'diseases': ['migraine'], 'symptoms': ['chest pain', 'diarrhea'], 'treatments': [], 'prevention': [], 'patient_types': [], 'food_recommendations': []}",SymptomToDisease,Synthetic,,176,22,3,2025-07-19T20:32:57.005736
152,"What disease could cause itching, diarrhea?","Symptoms like itching, diarrhea can be associated with several conditions including dengue. A healthcare professional should evaluate these symptoms for accurate diagnosis and appropriate treatment.",disease cause itching diarrhea,symptom itching diarrhea associated several condition including dengue healthcare professional evaluate symptom accurate diagnosis appropriate treatment,disease cause itching diarrhea symptom itching diarrhea associated several condition including dengue healthcare professional evaluate symptom accurate diagnosis appropriate treatment,"{'diseases': ['dengue'], 'symptoms': ['diarrhea', 'itching'], 'treatments': [], 'prevention': [], 'patient_types': [], 'food_recommendations': []}",SymptomToDisease,Synthetic,,183,20,3,2025-07-19T20:32:57.006430
153,"Could muscle pain, swelling be a sign of stroke?","Yes, muscle pain, swelling can be symptoms of stroke. However, these symptoms may also occur in other conditions, so professional medical assessment is recommended.",muscle pain swelling sign stroke,yes muscle pain swelling symptom stroke however symptom also occur condition professional medical assessment recommended,muscle pain swelling sign stroke yes muscle pain swelling symptom stroke however symptom also occur condition professional medical assessment recommended,"{'diseases': ['stroke'], 'symptoms': ['swelling', 'muscle pain'], 'treatments': [], 'prevention': [], 'patient_types': [], 'food_recommendations': []}",SymptomToDisease,Synthetic,,153,20,3,2025-07-19T20:32:57.007626
154,"What disease could cause diarrhea, loss of taste, dizziness?","Symptoms like diarrhea, loss of taste, dizziness can be associated with several conditions including sars-cov-2. A healthcare professional should evaluate these symptoms for accurate diagnosis and appropriate treatment.",disease cause diarrhea loss taste dizziness,symptom diarrhea loss taste dizziness associated several condition including healthcare professional evaluate symptom accurate diagnosis appropriate treatment,disease cause diarrhea loss taste dizziness symptom diarrhea loss taste dizziness associated several condition including healthcare professional evaluate symptom accurate diagnosis appropriate treatment,"{'diseases': [], 'symptoms': ['diarrhea', 'dizziness'], 'treatments': [], 'prevention': [], 'patient_types': [], 'food_recommendations': []}",SymptomToDisease,Synthetic,,202,23,2,2025-07-19T20:32:57.008505
155,"What should I do if I have body aches, muscle pain?","If you're experiencing body aches, muscle pain, it could be related to flu or other conditions. It's important to consult with a healthcare provider for proper evaluation.",body ache muscle pain,youre experiencing body ache muscle pain related flu condition important consult healthcare provider proper evaluation,body ache muscle pain youre experiencing body ache muscle pain related flu condition important consult healthcare provider proper evaluation,"{'diseases': ['flu'], 'symptoms': ['muscle pain'], 'treatments': [], 'prevention': [], 'patient_types': [], 'food_recommendations': []}",SymptomToDisease,Synthetic,,140,19,2,2025-07-19T20:32:57.009419
156,"What should I do if I have diarrhea, nausea, itching?","If you're experiencing diarrhea, nausea, itching, it could be related to asthma or other conditions. It's important to consult with a healthcare provider for proper evaluation.",diarrhea nausea itching,youre experiencing diarrhea nausea itching related asthma condition important consult healthcare provider proper evaluation,diarrhea nausea itching youre experiencing diarrhea nausea itching related asthma condition important consult healthcare provider proper evaluation,"{'diseases': ['asthma'], 'symptoms': ['diarrhea', 'nausea', 'itching'], 'treatments': [], 'prevention': [], 'patient_types': [], 'food_recommendations': []}",SymptomToDisease,Synthetic,,147,17,4,2025-07-19T20:32:57.010045
157,"Could loss of taste, bleeding be a sign of cancer?","Yes, loss of taste, bleeding can be symptoms of cancer. However, these symptoms may also occur in other conditions, so professional medical assessment is recommended.",loss taste bleeding sign cancer,yes loss taste bleeding symptom cancer however symptom also occur condition professional medical assessment recommended,loss taste bleeding sign cancer yes loss taste bleeding symptom cancer however symptom also occur condition professional medical assessment recommended,"{'diseases': ['cancer'], 'symptoms': ['bleeding'], 'treatments': [], 'prevention': [], 'patient_types': [], 'food_recommendations': []}",SymptomToDisease,Synthetic,,151,20,2,2025-07-19T20:32:57.010612
158,"I have chest pain, nausea, sore throat. What condition might this be?","The combination of chest pain, nausea, sore throat could indicate kidney disease, but many conditions share similar symptoms. Medical evaluation is necessary for proper diagnosis and care planning.",chest pain nausea sore throat condition,combination chest pain nausea sore throat indicate kidney disease many condition share similar symptom medical evaluation necessary proper diagnosis care planning,chest pain nausea sore throat condition combination chest pain nausea sore throat indicate kidney disease many condition share similar symptom medical evaluation necessary proper diagnosis care planning,"{'diseases': ['kidney disease'], 'symptoms': ['chest pain', 'sore throat', 'nausea'], 'treatments': [], 'prevention': [], 'patient_types': [], 'food_recommendations': []}",SymptomToDisease,Synthetic,,202,27,4,2025-07-19T20:32:57.011448
159,"I have weakness, sweating. What condition might this be?","The combination of weakness, sweating could indicate common cold, but many conditions share similar symptoms. Medical evaluation is necessary for proper diagnosis and care planning.",weakness sweating condition,combination weakness sweating indicate common cold many condition share similar symptom medical evaluation necessary proper diagnosis care planning,weakness sweating condition combination weakness sweating indicate common cold many condition share similar symptom medical evaluation necessary proper diagnosis care planning,"{'diseases': ['common cold'], 'symptoms': ['weakness', 'sweating'], 'treatments': [], 'prevention': [], 'patient_types': [], 'food_recommendations': []}",SymptomToDisease,Synthetic,,175,21,3,2025-07-19T20:32:57.012034
160,"Could rash, loss of smell, cough be a sign of stroke?","Yes, rash, loss of smell, cough can be symptoms of stroke. However, these symptoms may also occur in other conditions, so professional medical assessment is recommended.",rash loss smell sign stroke,yes rash loss smell cough symptom stroke however symptom also occur condition professional medical assessment recommended,rash loss smell sign stroke yes rash loss smell cough symptom stroke however symptom also occur condition professional medical assessment recommended,"{'diseases': ['stroke'], 'symptoms': ['rash', 'cough'], 'treatments': [], 'prevention': [], 'patient_types': [], 'food_recommendations': []}",SymptomToDisease,Synthetic,,149,21,3,2025-07-19T20:32:57.012710
161,"What should I do if I have itching, runny nose, weakness?","If you're experiencing itching, runny nose, weakness, it could be related to common cold or other conditions. It's important to consult with a healthcare provider for proper evaluation.",itching runny nose weakness,youre experiencing itching runny nose weakness related common cold condition important consult healthcare provider proper evaluation,itching runny nose weakness youre experiencing itching runny nose weakness related common cold condition important consult healthcare provider proper evaluation,"{'diseases': ['common cold'], 'symptoms': ['weakness', 'itching', 'runny nose'], 'treatments': [], 'prevention': [], 'patient_types': [], 'food_recommendations': []}",SymptomToDisease,Synthetic,,160,20,4,2025-07-19T20:32:57.013347
162,"What disease could cause back pain, dizziness, rash?","Symptoms like back pain, dizziness, rash can be associated with several conditions including common cold. A healthcare professional should evaluate these symptoms for accurate diagnosis and appropriate treatment.",disease cause back pain dizziness rash,symptom back pain dizziness rash associated several condition including common cold healthcare professional evaluate symptom accurate diagnosis appropriate treatment,disease cause back pain dizziness rash symptom back pain dizziness rash associated several condition including common cold healthcare professional evaluate symptom accurate diagnosis appropriate treatment,"{'diseases': ['common cold'], 'symptoms': ['rash', 'dizziness', 'back pain'], 'treatments': [], 'prevention': [], 'patient_types': [], 'food_recommendations': []}",SymptomToDisease,Synthetic,,204,25,4,2025-07-19T20:32:57.014241
163,"What disease could cause abdominal pain, dizziness, loss of smell?","Symptoms like abdominal pain, dizziness, loss of smell can be associated with several conditions including flu. A healthcare professional should evaluate these symptoms for accurate diagnosis and appropriate treatment.",disease cause abdominal pain dizziness loss smell,symptom abdominal pain dizziness loss smell associated several condition including flu healthcare professional evaluate symptom accurate diagnosis appropriate treatment,disease cause abdominal pain dizziness loss smell symptom abdominal pain dizziness loss smell associated several condition including flu healthcare professional evaluate symptom accurate diagnosis appropriate treatment,"{'diseases': ['flu'], 'symptoms': ['abdominal pain', 'dizziness'], 'treatments': [], 'prevention': [], 'patient_types': [], 'food_recommendations': []}",SymptomToDisease,Synthetic,,218,26,3,2025-07-19T20:32:57.015383
164,"What disease could cause nausea, body aches, vomiting?","Symptoms like nausea, body aches, vomiting can be associated with several conditions including anxiety. A healthcare professional should evaluate these symptoms for accurate diagnosis and appropriate treatment.",disease cause nausea body ache vomiting,symptom nausea body ache vomiting associated several condition including anxiety healthcare professional evaluate symptom accurate diagnosis appropriate treatment,disease cause nausea body ache vomiting symptom nausea body ache vomiting associated several condition including anxiety healthcare professional evaluate symptom accurate diagnosis appropriate treatment,"{'diseases': ['anxiety'], 'symptoms': ['nausea', 'vomiting'], 'treatments': [], 'prevention': [], 'patient_types': [], 'food_recommendations': []}",SymptomToDisease,Synthetic,,202,24,3,2025-07-19T20:32:57.016281
165,"What disease could cause chills, bleeding, abdominal pain?","Symptoms like chills, bleeding, abdominal pain can be associated with several conditions including kidney disease. A healthcare professional should evaluate these symptoms for accurate diagnosis and appropriate treatment.",disease cause chill bleeding abdominal pain,symptom chill bleeding abdominal pain associated several condition including kidney disease healthcare professional evaluate symptom accurate diagnosis appropriate treatment,disease cause chill bleeding abdominal pain symptom chill bleeding abdominal pain associated several condition including kidney disease healthcare professional evaluate symptom accurate diagnosis appropriate treatment,"{'diseases': ['kidney disease'], 'symptoms': ['abdominal pain', 'bleeding'], 'treatments': [], 'prevention': [], 'patient_types': [], 'food_recommendations': []}",SymptomToDisease,Synthetic,,217,25,3,2025-07-19T20:32:57.017117
166,"What should I do if I have headache, back pain?","If you're experiencing headache, back pain, it could be related to stroke or other conditions. It's important to consult with a healthcare provider for proper evaluation.",headache back pain,youre experiencing headache back pain related stroke condition important consult healthcare provider proper evaluation,headache back pain youre experiencing headache back pain related stroke condition important consult healthcare provider proper evaluation,"{'diseases': ['stroke'], 'symptoms': ['back pain', 'headache'], 'treatments': [], 'prevention': [], 'patient_types': [], 'food_recommendations': []}",SymptomToDisease,Synthetic,,137,17,3,2025-07-19T20:32:57.017767
167,"What should I do if I have loss of smell, back pain, cough?","If you're experiencing loss of smell, back pain, cough, it could be related to anxiety or other conditions. It's important to consult with a healthcare provider for proper evaluation.",loss smell back pain cough,youre experiencing loss smell back pain cough related anxiety condition important consult healthcare provider proper evaluation,loss smell back pain cough youre experiencing loss smell back pain cough related anxiety condition important consult healthcare provider proper evaluation,"{'diseases': ['anxiety'], 'symptoms': ['back pain', 'cough'], 'treatments': [], 'prevention': [], 'patient_types': [], 'food_recommendations': []}",SymptomToDisease,Synthetic,,154,21,3,2025-07-19T20:32:57.018449
168,"What should I do if I have loss of smell, fever?","If you're experiencing loss of smell, fever, it could be related to influenza or other conditions. It's important to consult with a healthcare provider for proper evaluation.",loss smell fever,youre experiencing loss smell fever related influenza condition important consult healthcare provider proper evaluation,loss smell fever youre experiencing loss smell fever related influenza condition important consult healthcare provider proper evaluation,"{'diseases': ['flu', 'influenza'], 'symptoms': ['fever'], 'treatments': [], 'prevention': [], 'patient_types': [], 'food_recommendations': []}",SymptomToDisease,Synthetic,,136,17,3,2025-07-19T20:32:57.019018
169,"Could rash, neck pain be a sign of pandemic?","Yes, rash, neck pain can be symptoms of pandemic. However, these symptoms may also occur in other conditions, so professional medical assessment is recommended.",rash neck pain sign pandemic,yes rash neck pain symptom pandemic however symptom also occur condition professional medical assessment recommended,rash neck pain sign pandemic yes rash neck pain symptom pandemic however symptom also occur condition professional medical assessment recommended,"{'diseases': ['pandemic'], 'symptoms': ['rash', 'neck pain'], 'treatments': [], 'prevention': [], 'patient_types': [], 'food_recommendations': []}",SymptomToDisease,Synthetic,,145,20,3,2025-07-19T20:32:57.019809
170,"Could constipation, neck pain, joint pain be a sign of arthritis?","Yes, constipation, neck pain, joint pain can be symptoms of arthritis. However, these symptoms may also occur in other conditions, so professional medical assessment is recommended.",constipation neck pain joint pain sign arthritis,constipation neck pain joint pain symptom arthritis however symptom also occur condition professional medical assessment recommended,constipation neck pain joint pain sign arthritis constipation neck pain joint pain symptom arthritis however symptom also occur condition professional medical assessment recommended,"{'diseases': ['arthritis'], 'symptoms': ['joint pain', 'constipation', 'neck pain'], 'treatments': [], 'prevention': [], 'patient_types': [], 'food_recommendations': []}",SymptomToDisease,Synthetic,,181,23,4,2025-07-19T20:32:57.020611
171,"What should I do if I have muscle pain, bleeding?","If you're experiencing muscle pain, bleeding, it could be related to anxiety or other conditions. It's important to consult with a healthcare provider for proper evaluation.",muscle pain bleeding,youre experiencing muscle pain bleeding related anxiety condition important consult healthcare provider proper evaluation,muscle pain bleeding youre experiencing muscle pain bleeding related anxiety condition important consult healthcare provider proper evaluation,"{'diseases': ['anxiety'], 'symptoms': ['muscle pain', 'bleeding'], 'treatments': [], 'prevention': [], 'patient_types': [], 'food_recommendations': []}",SymptomToDisease,Synthetic,,142,17,3,2025-07-19T20:32:57.021304
172,"Could sweating, nausea be a sign of anxiety?","Yes, sweating, nausea can be symptoms of anxiety. However, these symptoms may also occur in other conditions, so professional medical assessment is recommended.",sweating sign anxiety,yes sweating nausea symptom anxiety however symptom also occur condition professional medical assessment recommended,sweating sign anxiety yes sweating nausea symptom anxiety however symptom also occur condition professional medical assessment recommended,"{'diseases': ['anxiety'], 'symptoms': ['nausea', 'sweating'], 'treatments': [], 'prevention': [], 'patient_types': [], 'food_recommendations': []}",SymptomToDisease,Synthetic,,138,17,3,2025-07-19T20:32:57.021921
173,"What disease could cause vomiting, headache?","Symptoms like vomiting, headache can be associated with several conditions including migraine. A healthcare professional should evaluate these symptoms for accurate diagnosis and appropriate treatment.",disease cause vomiting headache,symptom vomiting headache associated several condition including migraine healthcare professional evaluate symptom accurate diagnosis appropriate treatment,disease cause vomiting headache symptom vomiting headache associated several condition including migraine healthcare professional evaluate symptom accurate diagnosis appropriate treatment,"{'diseases': ['migraine'], 'symptoms': ['vomiting', 'headache'], 'treatments': [], 'prevention': [], 'patient_types': [], 'food_recommendations': []}",SymptomToDisease,Synthetic,,187,20,3,2025-07-19T20:32:57.022690
174,"What disease could cause weakness, nausea, cough?","Symptoms like weakness, nausea, cough can be associated with several conditions including depression. A healthcare professional should evaluate these symptoms for accurate diagnosis and appropriate treatment.",disease cause weakness nausea cough,symptom weakness nausea cough associated several condition including depression healthcare professional evaluate symptom accurate diagnosis appropriate treatment,disease cause weakness nausea cough symptom weakness nausea cough associated several condition including depression healthcare professional evaluate symptom accurate diagnosis appropriate treatment,"{'diseases': ['depression'], 'symptoms': ['weakness', 'nausea', 'cough'], 'treatments': [], 'prevention': [], 'patient_types': [], 'food_recommendations': []}",SymptomToDisease,Synthetic,,197,22,4,2025-07-19T20:32:57.023411
175,"I have itching, loss of smell. What condition might this be?","The combination of itching, loss of smell could indicate osteoporosis, but many conditions share similar symptoms. Medical evaluation is necessary for proper diagnosis and care planning.",itching loss smell condition,combination itching loss smell indicate many condition share similar symptom medical evaluation necessary proper diagnosis care planning,itching loss smell condition combination itching loss smell indicate many condition share similar symptom medical evaluation necessary proper diagnosis care planning,"{'diseases': [], 'symptoms': ['itching'], 'treatments': [], 'prevention': [], 'patient_types': [], 'food_recommendations': []}",SymptomToDisease,Synthetic,,165,21,1,2025-07-19T20:32:57.024090
176,"What disease could cause vomiting, nausea, bleeding?","Symptoms like vomiting, nausea, bleeding can be associated with several conditions including heart disease. A healthcare professional should evaluate these symptoms for accurate diagnosis and appropriate treatment.",disease cause vomiting nausea bleeding,symptom vomiting nausea bleeding associated several condition including heart disease healthcare professional evaluate symptom accurate diagnosis appropriate treatment,disease cause vomiting nausea bleeding symptom vomiting nausea bleeding associated several condition including heart disease healthcare professional evaluate symptom accurate diagnosis appropriate treatment,"{'diseases': ['heart disease'], 'symptoms': ['nausea', 'vomiting', 'bleeding'], 'treatments': [], 'prevention': [], 'patient_types': [], 'food_recommendations': []}",SymptomToDisease,Synthetic,,206,23,4,2025-07-19T20:32:57.024881
177,"What disease could cause bleeding, constipation?","Symptoms like bleeding, constipation can be associated with several conditions including diabetes. A healthcare professional should evaluate these symptoms for accurate diagnosis and appropriate treatment.",disease cause bleeding constipation,symptom bleeding constipation associated several condition including diabetes healthcare professional evaluate symptom accurate diagnosis appropriate treatment,disease cause bleeding constipation symptom bleeding constipation associated several condition including diabetes healthcare professional evaluate symptom accurate diagnosis appropriate treatment,"{'diseases': ['diabetes'], 'symptoms': ['constipation', 'bleeding'], 'treatments': [], 'prevention': [], 'patient_types': [], 'food_recommendations': []}",SymptomToDisease,Synthetic,,195,20,3,2025-07-19T20:32:57.025621
178,"What should I do if I have weakness, shortness of breath, swelling?","If you're experiencing weakness, shortness of breath, swelling, it could be related to tuberculosis or other conditions. It's important to consult with a healthcare provider for proper evaluation.",weakness shortness breath swelling,youre experiencing weakness shortness breath swelling related tuberculosis condition important consult healthcare provider proper evaluation,weakness shortness breath swelling youre experiencing weakness shortness breath swelling related tuberculosis condition important consult healthcare provider proper evaluation,"{'diseases': ['tuberculosis'], 'symptoms': ['weakness', 'swelling'], 'treatments': [], 'prevention': [], 'patient_types': [], 'food_recommendations': []}",SymptomToDisease,Synthetic,,175,19,3,2025-07-19T20:32:57.026283
179,"What disease could cause rash, chest pain, sweating?","Symptoms like rash, chest pain, sweating can be associated with several conditions including influenza. A healthcare professional should evaluate these symptoms for accurate diagnosis and appropriate treatment.",disease cause rash chest pain sweating,symptom rash chest pain sweating associated several condition including influenza healthcare professional evaluate symptom accurate diagnosis appropriate treatment,disease cause rash chest pain sweating symptom rash chest pain sweating associated several condition including influenza healthcare professional evaluate symptom accurate diagnosis appropriate treatment,"{'diseases': ['flu', 'influenza'], 'symptoms': ['chest pain', 'rash', 'sweating'], 'treatments': [], 'prevention': [], 'patient_types': [], 'food_recommendations': []}",SymptomToDisease,Synthetic,,202,24,5,2025-07-19T20:32:57.027095
180,"What disease could cause joint pain, swelling, itching?","Symptoms like joint pain, swelling, itching can be associated with several conditions including flu. A healthcare professional should evaluate these symptoms for accurate diagnosis and appropriate treatment.",disease cause joint pain swelling itching,symptom joint pain swelling itching associated several condition including flu healthcare professional evaluate symptom accurate diagnosis appropriate treatment,disease cause joint pain swelling itching symptom joint pain swelling itching associated several condition including flu healthcare professional evaluate symptom accurate diagnosis appropriate treatment,"{'diseases': ['flu'], 'symptoms': ['swelling', 'joint pain', 'itching'], 'treatments': [], 'prevention': [], 'patient_types': [], 'food_recommendations': []}",SymptomToDisease,Synthetic,,202,24,4,2025-07-19T20:32:57.027899
181,"I have muscle pain, shortness of breath, cough. What condition might this be?","The combination of muscle pain, shortness of breath, cough could indicate covid19, but many conditions share similar symptoms. Medical evaluation is necessary for proper diagnosis and care planning.",muscle pain shortness breath cough condition,combination muscle pain shortness breath cough indicate many condition share similar symptom medical evaluation necessary proper diagnosis care planning,muscle pain shortness breath cough condition combination muscle pain shortness breath cough indicate many condition share similar symptom medical evaluation necessary proper diagnosis care planning,"{'diseases': [], 'symptoms': ['muscle pain', 'cough'], 'treatments': [], 'prevention': [], 'patient_types': [], 'food_recommendations': []}",SymptomToDisease,Synthetic,,197,25,2,2025-07-19T20:32:57.028652
182,"Could chest pain, shortness of breath be a sign of arthritis?","Yes, chest pain, shortness of breath can be symptoms of arthritis. However, these symptoms may also occur in other conditions, so professional medical assessment is recommended.",chest pain shortness breath sign arthritis,yes chest pain shortness breath symptom arthritis however symptom also occur condition professional medical assessment recommended,chest pain shortness breath sign arthritis yes chest pain shortness breath symptom arthritis however symptom also occur condition professional medical assessment recommended,"{'diseases': ['arthritis'], 'symptoms': ['chest pain'], 'treatments': [], 'prevention': [], 'patient_types': [], 'food_recommendations': []}",SymptomToDisease,Synthetic,,173,22,2,2025-07-19T20:32:57.029400
183,"Could dizziness, chest pain, fever be a sign of allergies?","Yes, dizziness, chest pain, fever can be symptoms of allergies. However, these symptoms may also occur in other conditions, so professional medical assessment is recommended.",dizziness chest pain fever sign allergy,yes dizziness chest pain fever symptom allergy however symptom also occur condition professional medical assessment recommended,dizziness chest pain fever sign allergy yes dizziness chest pain fever symptom allergy however symptom also occur condition professional medical assessment recommended,"{'diseases': [], 'symptoms': ['chest pain', 'fever', 'dizziness'], 'treatments': [], 'prevention': [], 'patient_types': [], 'food_recommendations': []}",SymptomToDisease,Synthetic,,167,22,3,2025-07-19T20:32:57.030163
184,"What disease could cause weakness, back pain?","Symptoms like weakness, back pain can be associated with several conditions including influenza. A healthcare professional should evaluate these symptoms for accurate diagnosis and appropriate treatment.",disease cause weakness back pain,symptom weakness back pain associated several condition including influenza healthcare professional evaluate symptom accurate diagnosis appropriate treatment,disease cause weakness back pain symptom weakness back pain associated several condition including influenza healthcare professional evaluate symptom accurate diagnosis appropriate treatment,"{'diseases': ['flu', 'influenza'], 'symptoms': ['weakness', 'back pain'], 'treatments': [], 'prevention': [], 'patient_types': [], 'food_recommendations': []}",SymptomToDisease,Synthetic,,190,22,4,2025-07-19T20:32:57.030918
185,"Could shortness of breath, sore throat, neck pain be a sign of obesity?","Yes, shortness of breath, sore throat, neck pain can be symptoms of obesity. However, these symptoms may also occur in other conditions, so professional medical assessment is recommended.",shortness breath sore throat neck pain sign obesity,yes shortness breath sore throat neck pain symptom obesity however symptom also occur condition professional medical assessment recommended,shortness breath sore throat neck pain sign obesity yes shortness breath sore throat neck pain symptom obesity however symptom also occur condition professional medical assessment recommended,"{'diseases': ['obesity'], 'symptoms': ['sore throat', 'neck pain'], 'treatments': [], 'prevention': [], 'patient_types': [], 'food_recommendations': []}",SymptomToDisease,Synthetic,,191,26,3,2025-07-19T20:32:57.031809
186,"What should I do if I have vomiting, weakness, cough?","If you're experiencing vomiting, weakness, cough, it could be related to common cold or other conditions. It's important to consult with a healthcare provider for proper evaluation.",vomiting weakness cough,youre experiencing vomiting weakness cough related common cold condition important consult healthcare provider proper evaluation,vomiting weakness cough youre experiencing vomiting weakness cough related common cold condition important consult healthcare provider proper evaluation,"{'diseases': ['common cold'], 'symptoms': ['weakness', 'vomiting', 'cough'], 'treatments': [], 'prevention': [], 'patient_types': [], 'food_recommendations': []}",SymptomToDisease,Synthetic,,152,18,4,2025-07-19T20:32:57.032479
187,"What should I do if I have swelling, fever?","If you're experiencing swelling, fever, it could be related to dengue or other conditions. It's important to consult with a healthcare provider for proper evaluation.",swelling fever,youre experiencing swelling fever related dengue condition important consult healthcare provider proper evaluation,swelling fever youre experiencing swelling fever related dengue condition important consult healthcare provider proper evaluation,"{'diseases': ['dengue'], 'symptoms': ['swelling', 'fever'], 'treatments': [], 'prevention': [], 'patient_types': [], 'food_recommendations': []}",SymptomToDisease,Synthetic,,129,15,3,2025-07-19T20:32:57.033221
188,"What should I do if I have joint pain, shortness of breath, sore throat?","If you're experiencing joint pain, shortness of breath, sore throat, it could be related to arthritis or other conditions. It's important to consult with a healthcare provider for proper evaluation.",joint pain shortness breath sore throat,youre experiencing joint pain shortness breath sore throat related arthritis condition important consult healthcare provider proper evaluation,joint pain shortness breath sore throat youre experiencing joint pain shortness breath sore throat related arthritis condition important consult healthcare provider proper evaluation,"{'diseases': ['arthritis'], 'symptoms': ['sore throat', 'joint pain'], 'treatments': [], 'prevention': [], 'patient_types': [], 'food_recommendations': []}",SymptomToDisease,Synthetic,,182,23,3,2025-07-19T20:32:57.034014
189,"What should I do if I have vomiting, diarrhea?","If you're experiencing vomiting, diarrhea, it could be related to depression or other conditions. It's important to consult with a healthcare provider for proper evaluation.",vomiting diarrhea,youre experiencing vomiting diarrhea related depression condition important consult healthcare provider proper evaluation,vomiting diarrhea youre experiencing vomiting diarrhea related depression condition important consult healthcare provider proper evaluation,"{'diseases': ['depression'], 'symptoms': ['diarrhea', 'vomiting'], 'treatments': [], 'prevention': [], 'patient_types': [], 'food_recommendations': []}",SymptomToDisease,Synthetic,,139,15,3,2025-07-19T20:32:57.034559
190,"What should I do if I have constipation, abdominal pain?","If you're experiencing constipation, abdominal pain, it could be related to osteoporosis or other conditions. It's important to consult with a healthcare provider for proper evaluation.",constipation abdominal pain,youre experiencing constipation abdominal pain related osteoporosis condition important consult healthcare provider proper evaluation,constipation abdominal pain youre experiencing constipation abdominal pain related osteoporosis condition important consult healthcare provider proper evaluation,"{'diseases': ['osteoporosis'], 'symptoms': ['abdominal pain', 'constipation'], 'treatments': [], 'prevention': [], 'patient_types': [], 'food_recommendations': []}",SymptomToDisease,Synthetic,,161,17,3,2025-07-19T20:32:57.035165
191,"What disease could cause joint pain, nausea?","Symptoms like joint pain, nausea can be associated with several conditions including hypertension. A healthcare professional should evaluate these symptoms for accurate diagnosis and appropriate treatment.",disease cause joint pain nausea,symptom joint pain nausea associated several condition including hypertension healthcare professional evaluate symptom accurate diagnosis appropriate treatment,disease cause joint pain nausea symptom joint pain nausea associated several condition including hypertension healthcare professional evaluate symptom accurate diagnosis appropriate treatment,"{'diseases': ['hypertension'], 'symptoms': ['nausea', 'joint pain'], 'treatments': [], 'prevention': [], 'patient_types': [], 'food_recommendations': []}",SymptomToDisease,Synthetic,,191,22,3,2025-07-19T20:32:57.035906
192,"Could fatigue, chills be a sign of malaria?","Yes, fatigue, chills can be symptoms of malaria. However, these symptoms may also occur in other conditions, so professional medical assessment is recommended.",fatigue chill sign malaria,yes fatigue chill symptom malaria however symptom also occur condition professional medical assessment recommended,fatigue chill sign malaria yes fatigue chill symptom malaria however symptom also occur condition professional medical assessment recommended,"{'diseases': ['malaria'], 'symptoms': ['fatigue'], 'treatments': [], 'prevention': [], 'patient_types': [], 'food_recommendations': []}",SymptomToDisease,Synthetic,,141,18,2,2025-07-19T20:32:57.036499
193,"Could chills, vomiting be a sign of stroke?","Yes, chills, vomiting can be symptoms of stroke. However, these symptoms may also occur in other conditions, so professional medical assessment is recommended.",chill vomiting sign stroke,yes chill vomiting symptom stroke however symptom also occur condition professional medical assessment recommended,chill vomiting sign stroke yes chill vomiting symptom stroke however symptom also occur condition professional medical assessment recommended,"{'diseases': ['stroke'], 'symptoms': ['vomiting'], 'treatments': [], 'prevention': [], 'patient_types': [], 'food_recommendations': []}",SymptomToDisease,Synthetic,,141,18,2,2025-07-19T20:32:57.037066
194,"Could nausea, rash, shortness of breath be a sign of cancer?","Yes, nausea, rash, shortness of breath can be symptoms of cancer. However, these symptoms may also occur in other conditions, so professional medical assessment is recommended.",nausea rash shortness breath sign cancer,yes nausea rash shortness breath symptom cancer however symptom also occur condition professional medical assessment recommended,nausea rash shortness breath sign cancer yes nausea rash shortness breath symptom cancer however symptom also occur condition professional medical assessment recommended,"{'diseases': ['cancer'], 'symptoms': ['rash', 'nausea'], 'treatments': [], 'prevention': [], 'patient_types': [], 'food_recommendations': []}",SymptomToDisease,Synthetic,,169,22,3,2025-07-19T20:32:57.037699
195,"Could headache, constipation, cough be a sign of arthritis?","Yes, headache, constipation, cough can be symptoms of arthritis. However, these symptoms may also occur in other conditions, so professional medical assessment is recommended.",headache constipation sign arthritis,yes headache constipation cough symptom arthritis however symptom also occur condition professional medical assessment recommended,headache constipation sign arthritis yes headache constipation cough symptom arthritis however symptom also occur condition professional medical assessment recommended,"{'diseases': ['arthritis'], 'symptoms': ['headache', 'constipation', 'cough'], 'treatments': [], 'prevention': [], 'patient_types': [], 'food_recommendations': []}",SymptomToDisease,Synthetic,,167,19,4,2025-07-19T20:32:57.038326
196,"I have loss of taste, sweating, weakness. What condition might this be?","The combination of loss of taste, sweating, weakness could indicate osteoporosis, but many conditions share similar symptoms. Medical evaluation is necessary for proper diagnosis and care planning.",loss taste sweating weakness condition,combination loss taste sweating weakness indicate many condition share similar symptom medical evaluation necessary proper diagnosis care planning,loss taste sweating weakness condition combination loss taste sweating weakness indicate many condition share similar symptom medical evaluation necessary proper diagnosis care planning,"{'diseases': [], 'symptoms': ['weakness', 'sweating'], 'treatments': [], 'prevention': [], 'patient_types': [], 'food_recommendations': []}",SymptomToDisease,Synthetic,,185,23,2,2025-07-19T20:32:57.038982
197,"I have sweating, swelling, nausea. What condition might this be?","The combination of sweating, swelling, nausea could indicate osteoporosis, but many conditions share similar symptoms. Medical evaluation is necessary for proper diagnosis and care planning.",sweating swelling nausea condition,combination sweating swelling nausea indicate many condition share similar symptom medical evaluation necessary proper diagnosis care planning,sweating swelling nausea condition combination sweating swelling nausea indicate many condition share similar symptom medical evaluation necessary proper diagnosis care planning,"{'diseases': [], 'symptoms': ['swelling', 'nausea', 'sweating'], 'treatments': [], 'prevention': [], 'patient_types': [], 'food_recommendations': []}",SymptomToDisease,Synthetic,,177,21,3,2025-07-19T20:32:57.039650
198,"Could fever, abdominal pain, dizziness be a sign of anxiety?","Yes, fever, abdominal pain, dizziness can be symptoms of anxiety. However, these symptoms may also occur in other conditions, so professional medical assessment is recommended.",fever abdominal pain dizziness sign anxiety,yes fever abdominal pain dizziness symptom anxiety however symptom also occur condition professional medical assessment recommended,fever abdominal pain dizziness sign anxiety yes fever abdominal pain dizziness symptom anxiety however symptom also occur condition professional medical assessment recommended,"{'diseases': ['anxiety'], 'symptoms': ['abdominal pain', 'fever', 'dizziness'], 'treatments': [], 'prevention': [], 'patient_types': [], 'food_recommendations': []}",SymptomToDisease,Synthetic,,175,22,4,2025-07-19T20:32:57.040344
199,"What should I do if I have back pain, shortness of breath?","If you're experiencing back pain, shortness of breath, it could be related to diabetes or other conditions. It's important to consult with a healthcare provider for proper evaluation.",back pain shortness breath,youre experiencing back pain shortness breath related diabetes condition important consult healthcare provider proper evaluation,back pain shortness breath youre experiencing back pain shortness breath related diabetes condition important consult healthcare provider proper evaluation,"{'diseases': ['diabetes'], 'symptoms': ['back pain'], 'treatments': [], 'prevention': [], 'patient_types': [], 'food_recommendations': []}",SymptomToDisease,Synthetic,,155,19,2,2025-07-19T20:32:57.041014
200,What are the treatment options for obesity?,Common treatment options for obesity include antibiotics. Your healthcare provider will determine the most appropriate treatment approach based on your specific condition and needs.,treatment option obesity,common treatment option obesity include antibiotic healthcare provider determine appropriate treatment approach based specific condition need,treatment option obesity common treatment option obesity include antibiotic healthcare provider determine appropriate treatment approach based specific condition need,"{'diseases': ['obesity'], 'symptoms': [], 'treatments': [], 'prevention': [], 'patient_types': [], 'food_recommendations': []}",TreatmentRecommendation,Synthetic,,166,19,1,2025-07-19T20:32:57.041599
201,How is pandemic managed medically?,Medical management of pandemic usually involves isolation. Treatment effectiveness varies among patients and requires ongoing medical supervision and monitoring.,pandemic managed medically,medical management pandemic usually involves isolation treatment effectiveness varies patient requires ongoing medical supervision monitoring,pandemic managed medically medical management pandemic usually involves isolation treatment effectiveness varies patient requires ongoing medical supervision monitoring,"{'diseases': ['pandemic'], 'symptoms': [], 'treatments': ['isolation'], 'prevention': [], 'patient_types': [], 'food_recommendations': []}",TreatmentRecommendation,Synthetic,,168,18,2,2025-07-19T20:32:57.042166
202,What is the treatment for malaria?,"Treatment for malaria typically includes counseling. The specific treatment plan should be personalized based on individual patient factors, medical history, and disease severity.",treatment malaria,treatment malaria typically includes counseling specific treatment plan personalized based individual factor medical history disease severity,treatment malaria treatment malaria typically includes counseling specific treatment plan personalized based individual factor medical history disease severity,"{'diseases': ['malaria'], 'symptoms': [], 'treatments': ['counseling'], 'prevention': [], 'patient_types': [], 'food_recommendations': []}",TreatmentRecommendation,Synthetic,,159,18,2,2025-07-19T20:32:57.042707
203,How do doctors treat covid-19?,Healthcare providers typically treat covid-19 with counseling. The treatment approach may be adjusted based on patient response and disease progression.,doctor treat,healthcare provider typically treat counseling treatment approach adjusted based response disease progression,doctor treat healthcare provider typically treat counseling treatment approach adjusted based response disease progression,"{'diseases': [], 'symptoms': [], 'treatments': ['counseling'], 'prevention': [], 'patient_types': [], 'food_recommendations': []}",TreatmentRecommendation,Synthetic,,122,14,1,2025-07-19T20:32:57.043369
204,What are the treatment options for hypertension?,Common treatment options for hypertension include home care. Your healthcare provider will determine the most appropriate treatment approach based on your specific condition and needs.,treatment option hypertension,common treatment option hypertension include home care healthcare provider determine appropriate treatment approach based specific condition need,treatment option hypertension common treatment option hypertension include home care healthcare provider determine appropriate treatment approach based specific condition need,"{'diseases': ['hypertension'], 'symptoms': [], 'treatments': ['home care'], 'prevention': [], 'patient_types': [], 'food_recommendations': []}",TreatmentRecommendation,Synthetic,,175,20,2,2025-07-19T20:32:57.044026
205,What is the treatment for malaria?,"Treatment for malaria typically includes immunotherapy. The specific treatment plan should be personalized based on individual patient factors, medical history, and disease severity.",treatment malaria,treatment malaria typically includes immunotherapy specific treatment plan personalized based individual factor medical history disease severity,treatment malaria treatment malaria typically includes immunotherapy specific treatment plan personalized based individual factor medical history disease severity,"{'diseases': ['malaria'], 'symptoms': [], 'treatments': ['therapy', 'immunotherapy'], 'prevention': [], 'patient_types': [], 'food_recommendations': []}",TreatmentRecommendation,Synthetic,,162,18,3,2025-07-19T20:32:57.044505
206,What are the treatment options for bronchitis?,Common treatment options for bronchitis include home care. Your healthcare provider will determine the most appropriate treatment approach based on your specific condition and needs.,treatment option bronchitis,common treatment option bronchitis include home care healthcare provider determine appropriate treatment approach based specific condition need,treatment option bronchitis common treatment option bronchitis include home care healthcare provider determine appropriate treatment approach based specific condition need,"{'diseases': ['bronchitis'], 'symptoms': [], 'treatments': ['home care'], 'prevention': [], 'patient_types': [], 'food_recommendations': []}",TreatmentRecommendation,Synthetic,,171,20,2,2025-07-19T20:32:57.045060
207,What is the treatment for arthritis?,"Treatment for arthritis typically includes oxygen therapy. The specific treatment plan should be personalized based on individual patient factors, medical history, and disease severity.",treatment arthritis,treatment arthritis typically includes oxygen therapy specific treatment plan personalized based individual factor medical history disease severity,treatment arthritis treatment arthritis typically includes oxygen therapy specific treatment plan personalized based individual factor medical history disease severity,"{'diseases': ['arthritis'], 'symptoms': [], 'treatments': ['therapy', 'oxygen therapy'], 'prevention': [], 'patient_types': [], 'food_recommendations': []}",TreatmentRecommendation,Synthetic,,167,19,3,2025-07-19T20:32:57.045548
208,What is the treatment for migraine?,"Treatment for migraine typically includes counseling. The specific treatment plan should be personalized based on individual patient factors, medical history, and disease severity.",treatment migraine,treatment migraine typically includes counseling specific treatment plan personalized based individual factor medical history disease severity,treatment migraine treatment migraine typically includes counseling specific treatment plan personalized based individual factor medical history disease severity,"{'diseases': ['migraine'], 'symptoms': [], 'treatments': ['counseling'], 'prevention': [], 'patient_types': [], 'food_recommendations': []}",TreatmentRecommendation,Synthetic,,161,18,2,2025-07-19T20:32:57.045999
209,What are the treatment options for common cold?,Common treatment options for common cold include home care. Your healthcare provider will determine the most appropriate treatment approach based on your specific condition and needs.,treatment option common cold,common treatment option common cold include home care healthcare provider determine appropriate treatment approach based specific condition need,treatment option common cold common treatment option common cold include home care healthcare provider determine appropriate treatment approach based specific condition need,"{'diseases': ['common cold'], 'symptoms': [], 'treatments': ['home care'], 'prevention': [], 'patient_types': [], 'food_recommendations': []}",TreatmentRecommendation,Synthetic,,173,22,2,2025-07-19T20:32:57.046560
210,How do doctors treat arthritis?,Healthcare providers typically treat arthritis with dialysis. The treatment approach may be adjusted based on patient response and disease progression.,doctor treat arthritis,healthcare provider typically treat arthritis dialysis treatment approach adjusted based response disease progression,doctor treat arthritis healthcare provider typically treat arthritis dialysis treatment approach adjusted based response disease progression,"{'diseases': ['arthritis'], 'symptoms': [], 'treatments': ['dialysis'], 'prevention': [], 'patient_types': [], 'food_recommendations': []}",TreatmentRecommendation,Synthetic,,140,16,2,2025-07-19T20:32:57.047106
211,What are the treatment options for common cold?,Common treatment options for common cold include radiation. Your healthcare provider will determine the most appropriate treatment approach based on your specific condition and needs.,treatment option common cold,common treatment option common cold include radiation healthcare provider determine appropriate treatment approach based specific condition need,treatment option common cold common treatment option common cold include radiation healthcare provider determine appropriate treatment approach based specific condition need,"{'diseases': ['common cold'], 'symptoms': [], 'treatments': ['radiation'], 'prevention': [], 'patient_types': [], 'food_recommendations': []}",TreatmentRecommendation,Synthetic,,173,21,2,2025-07-19T20:32:57.047701
212,How is diabetes managed medically?,Medical management of diabetes usually involves dialysis. Treatment effectiveness varies among patients and requires ongoing medical supervision and monitoring.,diabetes managed medically,medical management diabetes usually involves dialysis treatment effectiveness varies patient requires ongoing medical supervision monitoring,diabetes managed medically medical management diabetes usually involves dialysis treatment effectiveness varies patient requires ongoing medical supervision monitoring,"{'diseases': ['diabetes'], 'symptoms': [], 'treatments': ['dialysis'], 'prevention': [], 'patient_types': [], 'food_recommendations': []}",TreatmentRecommendation,Synthetic,,167,18,2,2025-07-19T20:32:57.048318
213,How is covid-19 managed medically?,Medical management of covid-19 usually involves hospital care. Treatment effectiveness varies among patients and requires ongoing medical supervision and monitoring.,managed medically,medical management usually involves hospital care treatment effectiveness varies patient requires ongoing medical supervision monitoring,managed medically medical management usually involves hospital care treatment effectiveness varies patient requires ongoing medical supervision monitoring,"{'diseases': [], 'symptoms': [], 'treatments': ['hospital care'], 'prevention': [], 'patient_types': [], 'food_recommendations': []}",TreatmentRecommendation,Synthetic,,154,17,1,2025-07-19T20:32:57.048845
214,What are the treatment options for liver disease?,Common treatment options for liver disease include physiotherapy. Your healthcare provider will determine the most appropriate treatment approach based on your specific condition and needs.,treatment option liver disease,common treatment option liver disease include physiotherapy healthcare provider determine appropriate treatment approach based specific condition need,treatment option liver disease common treatment option liver disease include physiotherapy healthcare provider determine appropriate treatment approach based specific condition need,"{'diseases': ['liver disease'], 'symptoms': [], 'treatments': ['physiotherapy', 'therapy'], 'prevention': [], 'patient_types': [], 'food_recommendations': []}",TreatmentRecommendation,Synthetic,,181,21,3,2025-07-19T20:32:57.049459
215,How is sars-cov-2 managed medically?,Medical management of sars-cov-2 usually involves hospital care. Treatment effectiveness varies among patients and requires ongoing medical supervision and monitoring.,managed medically,medical management usually involves hospital care treatment effectiveness varies patient requires ongoing medical supervision monitoring,managed medically medical management usually involves hospital care treatment effectiveness varies patient requires ongoing medical supervision monitoring,"{'diseases': [], 'symptoms': [], 'treatments': ['hospital care'], 'prevention': [], 'patient_types': [], 'food_recommendations': []}",TreatmentRecommendation,Synthetic,,154,17,1,2025-07-19T20:32:57.049931
216,How do doctors treat hypertension?,Healthcare providers typically treat hypertension with rest. The treatment approach may be adjusted based on patient response and disease progression.,doctor treat hypertension,healthcare provider typically treat hypertension rest treatment approach adjusted based response disease progression,doctor treat hypertension healthcare provider typically treat hypertension rest treatment approach adjusted based response disease progression,"{'diseases': ['hypertension'], 'symptoms': [], 'treatments': ['rest'], 'prevention': [], 'patient_types': [], 'food_recommendations': []}",TreatmentRecommendation,Synthetic,,142,16,2,2025-07-19T20:32:57.050488
217,What is the treatment for hepatitis?,"Treatment for hepatitis typically includes counseling. The specific treatment plan should be personalized based on individual patient factors, medical history, and disease severity.",treatment hepatitis,treatment hepatitis typically includes counseling specific treatment plan personalized based individual factor medical history disease severity,treatment hepatitis treatment hepatitis typically includes counseling specific treatment plan personalized based individual factor medical history disease severity,"{'diseases': ['hepatitis'], 'symptoms': [], 'treatments': ['counseling'], 'prevention': [], 'patient_types': [], 'food_recommendations': []}",TreatmentRecommendation,Synthetic,,163,18,2,2025-07-19T20:32:57.050953
218,How do doctors treat stroke?,Healthcare providers typically treat stroke with lifestyle changes. The treatment approach may be adjusted based on patient response and disease progression.,doctor treat stroke,healthcare provider typically treat stroke lifestyle change treatment approach adjusted based response disease progression,doctor treat stroke healthcare provider typically treat stroke lifestyle change treatment approach adjusted based response disease progression,"{'diseases': ['stroke'], 'symptoms': [], 'treatments': [], 'prevention': [], 'patient_types': [], 'food_recommendations': []}",TreatmentRecommendation,Synthetic,,142,17,1,2025-07-19T20:32:57.051550
219,How is anxiety managed medically?,Medical management of anxiety usually involves immunotherapy. Treatment effectiveness varies among patients and requires ongoing medical supervision and monitoring.,anxiety managed medically,medical management anxiety usually involves immunotherapy treatment effectiveness varies patient requires ongoing medical supervision monitoring,anxiety managed medically medical management anxiety usually involves immunotherapy treatment effectiveness varies patient requires ongoing medical supervision monitoring,"{'diseases': ['anxiety'], 'symptoms': [], 'treatments': ['therapy', 'immunotherapy'], 'prevention': [], 'patient_types': [], 'food_recommendations': []}",TreatmentRecommendation,Synthetic,,170,18,3,2025-07-19T20:32:57.052056
220,How is depression managed medically?,Medical management of depression usually involves therapy. Treatment effectiveness varies among patients and requires ongoing medical supervision and monitoring.,depression managed medically,medical management depression usually involves therapy treatment effectiveness varies patient requires ongoing medical supervision monitoring,depression managed medically medical management depression usually involves therapy treatment effectiveness varies patient requires ongoing medical supervision monitoring,"{'diseases': ['depression'], 'symptoms': [], 'treatments': ['therapy'], 'prevention': [], 'patient_types': [], 'food_recommendations': []}",TreatmentRecommendation,Synthetic,,170,18,2,2025-07-19T20:32:57.052558
221,What is the treatment for pandemic?,"Treatment for pandemic typically includes vaccine. The specific treatment plan should be personalized based on individual patient factors, medical history, and disease severity.",treatment pandemic,treatment pandemic typically includes vaccine specific treatment plan personalized based individual factor medical history disease severity,treatment pandemic treatment pandemic typically includes vaccine specific treatment plan personalized based individual factor medical history disease severity,"{'diseases': ['pandemic'], 'symptoms': [], 'treatments': ['vaccine'], 'prevention': [], 'patient_types': [], 'food_recommendations': []}",TreatmentRecommendation,Synthetic,,158,18,2,2025-07-19T20:32:57.053121
222,How is allergies managed medically?,Medical management of allergies usually involves dialysis. Treatment effectiveness varies among patients and requires ongoing medical supervision and monitoring.,allergy managed medically,medical management allergy usually involves dialysis treatment effectiveness varies patient requires ongoing medical supervision monitoring,allergy managed medically medical management allergy usually involves dialysis treatment effectiveness varies patient requires ongoing medical supervision monitoring,"{'diseases': [], 'symptoms': [], 'treatments': ['dialysis'], 'prevention': [], 'patient_types': [], 'food_recommendations': []}",TreatmentRecommendation,Synthetic,,165,18,1,2025-07-19T20:32:57.053691
223,How is dengue managed medically?,Medical management of dengue usually involves hospital care. Treatment effectiveness varies among patients and requires ongoing medical supervision and monitoring.,dengue managed medically,medical management dengue usually involves hospital care treatment effectiveness varies patient requires ongoing medical supervision monitoring,dengue managed medically medical management dengue usually involves hospital care treatment effectiveness varies patient requires ongoing medical supervision monitoring,"{'diseases': ['dengue'], 'symptoms': [], 'treatments': ['hospital care'], 'prevention': [], 'patient_types': [], 'food_recommendations': []}",TreatmentRecommendation,Synthetic,,168,19,2,2025-07-19T20:32:57.054242
224,How is flu managed medically?,Medical management of flu usually involves lifestyle changes. Treatment effectiveness varies among patients and requires ongoing medical supervision and monitoring.,flu managed medically,medical management flu usually involves lifestyle change treatment effectiveness varies patient requires ongoing medical supervision monitoring,flu managed medically medical management flu usually involves lifestyle change treatment effectiveness varies patient requires ongoing medical supervision monitoring,"{'diseases': ['flu'], 'symptoms': [], 'treatments': [], 'prevention': [], 'patient_types': [], 'food_recommendations': []}",TreatmentRecommendation,Synthetic,,165,19,1,2025-07-19T20:32:57.054823
225,How do doctors treat asthma?,Healthcare providers typically treat asthma with therapy. The treatment approach may be adjusted based on patient response and disease progression.,doctor treat asthma,healthcare provider typically treat asthma therapy treatment approach adjusted based response disease progression,doctor treat asthma healthcare provider typically treat asthma therapy treatment approach adjusted based response disease progression,"{'diseases': ['asthma'], 'symptoms': [], 'treatments': ['therapy'], 'prevention': [], 'patient_types': [], 'food_recommendations': []}",TreatmentRecommendation,Synthetic,,133,16,2,2025-07-19T20:32:57.055436
226,How is hypertension managed medically?,Medical management of hypertension usually involves painkillers. Treatment effectiveness varies among patients and requires ongoing medical supervision and monitoring.,hypertension managed medically,medical management hypertension usually involves painkiller treatment effectiveness varies patient requires ongoing medical supervision monitoring,hypertension managed medically medical management hypertension usually involves painkiller treatment effectiveness varies patient requires ongoing medical supervision monitoring,"{'diseases': ['hypertension'], 'symptoms': [], 'treatments': [], 'prevention': [], 'patient_types': [], 'food_recommendations': []}",TreatmentRecommendation,Synthetic,,177,18,1,2025-07-19T20:32:57.055992
227,How is coronavirus managed medically?,Medical management of coronavirus usually involves vaccine. Treatment effectiveness varies among patients and requires ongoing medical supervision and monitoring.,managed medically,medical management usually involves vaccine treatment effectiveness varies patient requires ongoing medical supervision monitoring,managed medically medical management usually involves vaccine treatment effectiveness varies patient requires ongoing medical supervision monitoring,"{'diseases': [], 'symptoms': [], 'treatments': ['vaccine'], 'prevention': [], 'patient_types': [], 'food_recommendations': []}",TreatmentRecommendation,Synthetic,,148,16,1,2025-07-19T20:32:57.056440
228,What are the treatment options for anxiety?,Common treatment options for anxiety include home care. Your healthcare provider will determine the most appropriate treatment approach based on your specific condition and needs.,treatment option anxiety,common treatment option anxiety include home care healthcare provider determine appropriate treatment approach based specific condition need,treatment option anxiety common treatment option anxiety include home care healthcare provider determine appropriate treatment approach based specific condition need,"{'diseases': ['anxiety'], 'symptoms': [], 'treatments': ['home care'], 'prevention': [], 'patient_types': [], 'food_recommendations': []}",TreatmentRecommendation,Synthetic,,165,20,2,2025-07-19T20:32:57.057028
229,How do doctors treat flu?,Healthcare providers typically treat flu with home care. The treatment approach may be adjusted based on patient response and disease progression.,doctor treat flu,healthcare provider typically treat flu home care treatment approach adjusted based response disease progression,doctor treat flu healthcare provider typically treat flu home care treatment approach adjusted based response disease progression,"{'diseases': ['flu'], 'symptoms': [], 'treatments': ['home care'], 'prevention': [], 'patient_types': [], 'food_recommendations': []}",TreatmentRecommendation,Synthetic,,129,17,2,2025-07-19T20:32:57.057568
230,How is hepatitis managed medically?,Medical management of hepatitis usually involves radiation. Treatment effectiveness varies among patients and requires ongoing medical supervision and monitoring.,hepatitis managed medically,medical management hepatitis usually involves radiation treatment effectiveness varies patient requires ongoing medical supervision monitoring,hepatitis managed medically medical management hepatitis usually involves radiation treatment effectiveness varies patient requires ongoing medical supervision monitoring,"{'diseases': ['hepatitis'], 'symptoms': [], 'treatments': ['radiation'], 'prevention': [], 'patient_types': [], 'food_recommendations': []}",TreatmentRecommendation,Synthetic,,170,18,2,2025-07-19T20:32:57.058066
231,How do doctors treat dengue?,Healthcare providers typically treat dengue with chemotherapy. The treatment approach may be adjusted based on patient response and disease progression.,doctor treat dengue,healthcare provider typically treat dengue chemotherapy treatment approach adjusted based response disease progression,doctor treat dengue healthcare provider typically treat dengue chemotherapy treatment approach adjusted based response disease progression,"{'diseases': ['dengue'], 'symptoms': [], 'treatments': ['therapy', 'chemotherapy'], 'prevention': [], 'patient_types': [], 'food_recommendations': []}",TreatmentRecommendation,Synthetic,,138,16,3,2025-07-19T20:32:57.058587
232,What is the treatment for migraine?,"Treatment for migraine typically includes immunotherapy. The specific treatment plan should be personalized based on individual patient factors, medical history, and disease severity.",treatment migraine,treatment migraine typically includes immunotherapy specific treatment plan personalized based individual factor medical history disease severity,treatment migraine treatment migraine typically includes immunotherapy specific treatment plan personalized based individual factor medical history disease severity,"{'diseases': ['migraine'], 'symptoms': [], 'treatments': ['therapy', 'immunotherapy'], 'prevention': [], 'patient_types': [], 'food_recommendations': []}",TreatmentRecommendation,Synthetic,,164,18,3,2025-07-19T20:32:57.059035
233,How do doctors treat pandemic?,Healthcare providers typically treat pandemic with isolation. The treatment approach may be adjusted based on patient response and disease progression.,doctor treat pandemic,healthcare provider typically treat pandemic isolation treatment approach adjusted based response disease progression,doctor treat pandemic healthcare provider typically treat pandemic isolation treatment approach adjusted based response disease progression,"{'diseases': ['pandemic'], 'symptoms': [], 'treatments': ['isolation'], 'prevention': [], 'patient_types': [], 'food_recommendations': []}",TreatmentRecommendation,Synthetic,,139,16,2,2025-07-19T20:32:57.059550
234,How do doctors treat migraine?,Healthcare providers typically treat migraine with counseling. The treatment approach may be adjusted based on patient response and disease progression.,doctor treat migraine,healthcare provider typically treat migraine counseling treatment approach adjusted based response disease progression,doctor treat migraine healthcare provider typically treat migraine counseling treatment approach adjusted based response disease progression,"{'diseases': ['migraine'], 'symptoms': [], 'treatments': ['counseling'], 'prevention': [], 'patient_types': [], 'food_recommendations': []}",TreatmentRecommendation,Synthetic,,140,16,2,2025-07-19T20:32:57.060074
235,What are the treatment options for coronavirus?,Common treatment options for coronavirus include chemotherapy. Your healthcare provider will determine the most appropriate treatment approach based on your specific condition and needs.,treatment option,common treatment option include chemotherapy healthcare provider determine appropriate treatment approach based specific condition need,treatment option common treatment option include chemotherapy healthcare provider determine appropriate treatment approach based specific condition need,"{'diseases': [], 'symptoms': [], 'treatments': ['therapy', 'chemotherapy'], 'prevention': [], 'patient_types': [], 'food_recommendations': []}",TreatmentRecommendation,Synthetic,,152,17,2,2025-07-19T20:32:57.060529
236,What are the treatment options for obesity?,Common treatment options for obesity include physiotherapy. Your healthcare provider will determine the most appropriate treatment approach based on your specific condition and needs.,treatment option obesity,common treatment option obesity include physiotherapy healthcare provider determine appropriate treatment approach based specific condition need,treatment option obesity common treatment option obesity include physiotherapy healthcare provider determine appropriate treatment approach based specific condition need,"{'diseases': ['obesity'], 'symptoms': [], 'treatments': ['physiotherapy', 'therapy'], 'prevention': [], 'patient_types': [], 'food_recommendations': []}",TreatmentRecommendation,Synthetic,,169,19,3,2025-07-19T20:32:57.061049
237,How do doctors treat diabetes?,Healthcare providers typically treat diabetes with counseling. The treatment approach may be adjusted based on patient response and disease progression.,doctor treat diabetes,healthcare provider typically treat diabetes counseling treatment approach adjusted based response disease progression,doctor treat diabetes healthcare provider typically treat diabetes counseling treatment approach adjusted based response disease progression,"{'diseases': ['diabetes'], 'symptoms': [], 'treatments': ['counseling'], 'prevention': [], 'patient_types': [], 'food_recommendations': []}",TreatmentRecommendation,Synthetic,,140,16,2,2025-07-19T20:32:57.061571
238,What are the treatment options for covid-19?,Common treatment options for covid-19 include diet modification. Your healthcare provider will determine the most appropriate treatment approach based on your specific condition and needs.,treatment option,common treatment option include diet modification healthcare provider determine appropriate treatment approach based specific condition need,treatment option common treatment option include diet modification healthcare provider determine appropriate treatment approach based specific condition need,"{'diseases': [], 'symptoms': [], 'treatments': ['diet modification'], 'prevention': [], 'patient_types': [], 'food_recommendations': []}",TreatmentRecommendation,Synthetic,,157,18,1,2025-07-19T20:32:57.062074
239,How is diabetes managed medically?,Medical management of diabetes usually involves counseling. Treatment effectiveness varies among patients and requires ongoing medical supervision and monitoring.,diabetes managed medically,medical management diabetes usually involves counseling treatment effectiveness varies patient requires ongoing medical supervision monitoring,diabetes managed medically medical management diabetes usually involves counseling treatment effectiveness varies patient requires ongoing medical supervision monitoring,"{'diseases': ['diabetes'], 'symptoms': [], 'treatments': ['counseling'], 'prevention': [], 'patient_types': [], 'food_recommendations': []}",TreatmentRecommendation,Synthetic,,169,18,2,2025-07-19T20:32:57.062572
240,How is depression managed medically?,Medical management of depression usually involves rehabilitation. Treatment effectiveness varies among patients and requires ongoing medical supervision and monitoring.,depression managed medically,medical management depression usually involves rehabilitation treatment effectiveness varies patient requires ongoing medical supervision monitoring,depression managed medically medical management depression usually involves rehabilitation treatment effectiveness varies patient requires ongoing medical supervision monitoring,"{'diseases': ['depression'], 'symptoms': [], 'treatments': ['rehabilitation'], 'prevention': [], 'patient_types': [], 'food_recommendations': []}",TreatmentRecommendation,Synthetic,,177,18,2,2025-07-19T20:32:57.063086
241,What are the treatment options for kidney disease?,Common treatment options for kidney disease include rehabilitation. Your healthcare provider will determine the most appropriate treatment approach based on your specific condition and needs.,treatment option kidney disease,common treatment option kidney disease include rehabilitation healthcare provider determine appropriate treatment approach based specific condition need,treatment option kidney disease common treatment option kidney disease include rehabilitation healthcare provider determine appropriate treatment approach based specific condition need,"{'diseases': ['kidney disease'], 'symptoms': [], 'treatments': ['rehabilitation'], 'prevention': [], 'patient_types': [], 'food_recommendations': []}",TreatmentRecommendation,Synthetic,,184,21,2,2025-07-19T20:32:57.063674
242,What are the treatment options for arthritis?,Common treatment options for arthritis include chemotherapy. Your healthcare provider will determine the most appropriate treatment approach based on your specific condition and needs.,treatment option arthritis,common treatment option arthritis include chemotherapy healthcare provider determine appropriate treatment approach based specific condition need,treatment option arthritis common treatment option arthritis include chemotherapy healthcare provider determine appropriate treatment approach based specific condition need,"{'diseases': ['arthritis'], 'symptoms': [], 'treatments': ['therapy', 'chemotherapy'], 'prevention': [], 'patient_types': [], 'food_recommendations': []}",TreatmentRecommendation,Synthetic,,172,19,3,2025-07-19T20:32:57.064177
243,How is tuberculosis managed medically?,Medical management of tuberculosis usually involves isolation. Treatment effectiveness varies among patients and requires ongoing medical supervision and monitoring.,tuberculosis managed medically,medical management tuberculosis usually involves isolation treatment effectiveness varies patient requires ongoing medical supervision monitoring,tuberculosis managed medically medical management tuberculosis usually involves isolation treatment effectiveness varies patient requires ongoing medical supervision monitoring,"{'diseases': ['tuberculosis'], 'symptoms': [], 'treatments': ['isolation'], 'prevention': [], 'patient_types': [], 'food_recommendations': []}",TreatmentRecommendation,Synthetic,,176,18,2,2025-07-19T20:32:57.064677
244,What are the treatment options for bronchitis?,Common treatment options for bronchitis include painkillers. Your healthcare provider will determine the most appropriate treatment approach based on your specific condition and needs.,treatment option bronchitis,common treatment option bronchitis include painkiller healthcare provider determine appropriate treatment approach based specific condition need,treatment option bronchitis common treatment option bronchitis include painkiller healthcare provider determine appropriate treatment approach based specific condition need,"{'diseases': ['bronchitis'], 'symptoms': [], 'treatments': [], 'prevention': [], 'patient_types': [], 'food_recommendations': []}",TreatmentRecommendation,Synthetic,,172,19,1,2025-07-19T20:32:57.065201
245,What are the treatment options for tuberculosis?,Common treatment options for tuberculosis include rehabilitation. Your healthcare provider will determine the most appropriate treatment approach based on your specific condition and needs.,treatment option tuberculosis,common treatment option tuberculosis include rehabilitation healthcare provider determine appropriate treatment approach based specific condition need,treatment option tuberculosis common treatment option tuberculosis include rehabilitation healthcare provider determine appropriate treatment approach based specific condition need,"{'diseases': ['tuberculosis'], 'symptoms': [], 'treatments': ['rehabilitation'], 'prevention': [], 'patient_types': [], 'food_recommendations': []}",TreatmentRecommendation,Synthetic,,180,19,2,2025-07-19T20:32:57.065711
246,What is the treatment for anxiety?,"Treatment for anxiety typically includes physiotherapy. The specific treatment plan should be personalized based on individual patient factors, medical history, and disease severity.",treatment anxiety,treatment anxiety typically includes physiotherapy specific treatment plan personalized based individual factor medical history disease severity,treatment anxiety treatment anxiety typically includes physiotherapy specific treatment plan personalized based individual factor medical history disease severity,"{'diseases': ['anxiety'], 'symptoms': [], 'treatments': ['physiotherapy', 'therapy'], 'prevention': [], 'patient_types': [], 'food_recommendations': []}",TreatmentRecommendation,Synthetic,,162,18,3,2025-07-19T20:32:57.066151
247,What are the treatment options for tuberculosis?,Common treatment options for tuberculosis include antibiotics. Your healthcare provider will determine the most appropriate treatment approach based on your specific condition and needs.,treatment option tuberculosis,common treatment option tuberculosis include antibiotic healthcare provider determine appropriate treatment approach based specific condition need,treatment option tuberculosis common treatment option tuberculosis include antibiotic healthcare provider determine appropriate treatment approach based specific condition need,"{'diseases': ['tuberculosis'], 'symptoms': [], 'treatments': [], 'prevention': [], 'patient_types': [], 'food_recommendations': []}",TreatmentRecommendation,Synthetic,,176,19,1,2025-07-19T20:32:57.066674
248,How do doctors treat influenza?,Healthcare providers typically treat influenza with oxygen therapy. The treatment approach may be adjusted based on patient response and disease progression.,doctor treat influenza,healthcare provider typically treat influenza oxygen therapy treatment approach adjusted based response disease progression,doctor treat influenza healthcare provider typically treat influenza oxygen therapy treatment approach adjusted based response disease progression,"{'diseases': ['flu', 'influenza'], 'symptoms': [], 'treatments': ['therapy', 'oxygen therapy'], 'prevention': [], 'patient_types': [], 'food_recommendations': []}",TreatmentRecommendation,Synthetic,,146,17,4,2025-07-19T20:32:57.067209
249,What are the treatment options for covid-19?,Common treatment options for covid-19 include radiation. Your healthcare provider will determine the most appropriate treatment approach based on your specific condition and needs.,treatment option,common treatment option include radiation healthcare provider determine appropriate treatment approach based specific condition need,treatment option common treatment option include radiation healthcare provider determine appropriate treatment approach based specific condition need,"{'diseases': [], 'symptoms': [], 'treatments': ['radiation'], 'prevention': [], 'patient_types': [], 'food_recommendations': []}",TreatmentRecommendation,Synthetic,,149,17,1,2025-07-19T20:32:57.067659
250,What is the treatment for hypertension?,"Treatment for hypertension typically includes isolation. The specific treatment plan should be personalized based on individual patient factors, medical history, and disease severity.",treatment hypertension,treatment hypertension typically includes isolation specific treatment plan personalized based individual factor medical history disease severity,treatment hypertension treatment hypertension typically includes isolation specific treatment plan personalized based individual factor medical history disease severity,"{'diseases': ['hypertension'], 'symptoms': [], 'treatments': ['isolation'], 'prevention': [], 'patient_types': [], 'food_recommendations': []}",TreatmentRecommendation,Synthetic,,168,18,2,2025-07-19T20:32:57.068105
251,What is the treatment for liver disease?,"Treatment for liver disease typically includes chemotherapy. The specific treatment plan should be personalized based on individual patient factors, medical history, and disease severity.",treatment liver disease,treatment liver disease typically includes chemotherapy specific treatment plan personalized based individual factor medical history disease severity,treatment liver disease treatment liver disease typically includes chemotherapy specific treatment plan personalized based individual factor medical history disease severity,"{'diseases': ['liver disease'], 'symptoms': [], 'treatments': ['therapy', 'chemotherapy'], 'prevention': [], 'patient_types': [], 'food_recommendations': []}",TreatmentRecommendation,Synthetic,,173,20,3,2025-07-19T20:32:57.068668
252,How is malaria managed medically?,Medical management of malaria usually involves oxygen therapy. Treatment effectiveness varies among patients and requires ongoing medical supervision and monitoring.,malaria managed medically,medical management malaria usually involves oxygen therapy treatment effectiveness varies patient requires ongoing medical supervision monitoring,malaria managed medically medical management malaria usually involves oxygen therapy treatment effectiveness varies patient requires ongoing medical supervision monitoring,"{'diseases': ['malaria'], 'symptoms': [], 'treatments': ['therapy', 'oxygen therapy'], 'prevention': [], 'patient_types': [], 'food_recommendations': []}",TreatmentRecommendation,Synthetic,,171,19,3,2025-07-19T20:32:57.069245
253,What are the treatment options for obesity?,Common treatment options for obesity include radiation. Your healthcare provider will determine the most appropriate treatment approach based on your specific condition and needs.,treatment option obesity,common treatment option obesity include radiation healthcare provider determine appropriate treatment approach based specific condition need,treatment option obesity common treatment option obesity include radiation healthcare provider determine appropriate treatment approach based specific condition need,"{'diseases': ['obesity'], 'symptoms': [], 'treatments': ['radiation'], 'prevention': [], 'patient_types': [], 'food_recommendations': []}",TreatmentRecommendation,Synthetic,,165,19,2,2025-07-19T20:32:57.069820
254,How is osteoporosis managed medically?,Medical management of osteoporosis usually involves home care. Treatment effectiveness varies among patients and requires ongoing medical supervision and monitoring.,osteoporosis managed medically,medical management osteoporosis usually involves home care treatment effectiveness varies patient requires ongoing medical supervision monitoring,osteoporosis managed medically medical management osteoporosis usually involves home care treatment effectiveness varies patient requires ongoing medical supervision monitoring,"{'diseases': ['osteoporosis'], 'symptoms': [], 'treatments': ['home care'], 'prevention': [], 'patient_types': [], 'food_recommendations': []}",TreatmentRecommendation,Synthetic,,176,19,2,2025-07-19T20:32:57.070408
255,How do doctors treat anxiety?,Healthcare providers typically treat anxiety with vaccine. The treatment approach may be adjusted based on patient response and disease progression.,doctor treat anxiety,healthcare provider typically treat anxiety vaccine treatment approach adjusted based response disease progression,doctor treat anxiety healthcare provider typically treat anxiety vaccine treatment approach adjusted based response disease progression,"{'diseases': ['anxiety'], 'symptoms': [], 'treatments': ['vaccine'], 'prevention': [], 'patient_types': [], 'food_recommendations': []}",TreatmentRecommendation,Synthetic,,135,16,2,2025-07-19T20:32:57.070986
256,What are the treatment options for flu?,Common treatment options for flu include radiation. Your healthcare provider will determine the most appropriate treatment approach based on your specific condition and needs.,treatment option flu,common treatment option flu include radiation healthcare provider determine appropriate treatment approach based specific condition need,treatment option flu common treatment option flu include radiation healthcare provider determine appropriate treatment approach based specific condition need,"{'diseases': ['flu'], 'symptoms': [], 'treatments': ['radiation'], 'prevention': [], 'patient_types': [], 'food_recommendations': []}",TreatmentRecommendation,Synthetic,,157,19,2,2025-07-19T20:32:57.071508
257,What is the treatment for obesity?,"Treatment for obesity typically includes counseling. The specific treatment plan should be personalized based on individual patient factors, medical history, and disease severity.",treatment obesity,treatment obesity typically includes counseling specific treatment plan personalized based individual factor medical history disease severity,treatment obesity treatment obesity typically includes counseling specific treatment plan personalized based individual factor medical history disease severity,"{'diseases': ['obesity'], 'symptoms': [], 'treatments': ['counseling'], 'prevention': [], 'patient_types': [], 'food_recommendations': []}",TreatmentRecommendation,Synthetic,,159,18,2,2025-07-19T20:32:57.071962
259,What are the treatment options for depression?,Common treatment options for depression include vaccine. Your healthcare provider will determine the most appropriate treatment approach based on your specific condition and needs.,treatment option depression,common treatment option depression include vaccine healthcare provider determine appropriate treatment approach based specific condition need,treatment option depression common treatment option depression include vaccine healthcare provider determine appropriate treatment approach based specific condition need,"{'diseases': ['depression'], 'symptoms': [], 'treatments': ['vaccine'], 'prevention': [], 'patient_types': [], 'food_recommendations': []}",TreatmentRecommendation,Synthetic,,169,19,2,2025-07-19T20:32:57.072848
260,How is bronchitis managed medically?,Medical management of bronchitis usually involves therapy. Treatment effectiveness varies among patients and requires ongoing medical supervision and monitoring.,bronchitis managed medically,medical management bronchitis usually involves therapy treatment effectiveness varies patient requires ongoing medical supervision monitoring,bronchitis managed medically medical management bronchitis usually involves therapy treatment effectiveness varies patient requires ongoing medical supervision monitoring,"{'diseases': ['bronchitis'], 'symptoms': [], 'treatments': ['therapy'], 'prevention': [], 'patient_types': [], 'food_recommendations': []}",TreatmentRecommendation,Synthetic,,170,18,2,2025-07-19T20:32:57.073350
262,How do doctors treat pandemic?,Healthcare providers typically treat pandemic with antibiotics. The treatment approach may be adjusted based on patient response and disease progression.,doctor treat pandemic,healthcare provider typically treat pandemic antibiotic treatment approach adjusted based response disease progression,doctor treat pandemic healthcare provider typically treat pandemic antibiotic treatment approach adjusted based response disease progression,"{'diseases': ['pandemic'], 'symptoms': [], 'treatments': [], 'prevention': [], 'patient_types': [], 'food_recommendations': []}",TreatmentRecommendation,Synthetic,,140,16,1,2025-07-19T20:32:57.074230
263,What is the treatment for migraine?,"Treatment for migraine typically includes home care. The specific treatment plan should be personalized based on individual patient factors, medical history, and disease severity.",treatment migraine,treatment migraine typically includes home care specific treatment plan personalized based individual factor medical history disease severity,treatment migraine treatment migraine typically includes home care specific treatment plan personalized based individual factor medical history disease severity,"{'diseases': ['migraine'], 'symptoms': [], 'treatments': ['home care'], 'prevention': [], 'patient_types': [], 'food_recommendations': []}",TreatmentRecommendation,Synthetic,,160,19,2,2025-07-19T20:32:57.074705
264,What is the treatment for tuberculosis?,"Treatment for tuberculosis typically includes vaccine. The specific treatment plan should be personalized based on individual patient factors, medical history, and disease severity.",treatment tuberculosis,treatment tuberculosis typically includes vaccine specific treatment plan personalized based individual factor medical history disease severity,treatment tuberculosis treatment tuberculosis typically includes vaccine specific treatment plan personalized based individual factor medical history disease severity,"{'diseases': ['tuberculosis'], 'symptoms': [], 'treatments': ['vaccine'], 'prevention': [], 'patient_types': [], 'food_recommendations': []}",TreatmentRecommendation,Synthetic,,166,18,2,2025-07-19T20:32:57.075150
265,What are the treatment options for migraine?,Common treatment options for migraine include physiotherapy. Your healthcare provider will determine the most appropriate treatment approach based on your specific condition and needs.,treatment option migraine,common treatment option migraine include physiotherapy healthcare provider determine appropriate treatment approach based specific condition need,treatment option migraine common treatment option migraine include physiotherapy healthcare provider determine appropriate treatment approach based specific condition need,"{'diseases': ['migraine'], 'symptoms': [], 'treatments': ['physiotherapy', 'therapy'], 'prevention': [], 'patient_types': [], 'food_recommendations': []}",TreatmentRecommendation,Synthetic,,171,19,3,2025-07-19T20:32:57.075668
266,How is covid-19 managed medically?,Medical management of covid-19 usually involves chemotherapy. Treatment effectiveness varies among patients and requires ongoing medical supervision and monitoring.,managed medically,medical management usually involves chemotherapy treatment effectiveness varies patient requires ongoing medical supervision monitoring,managed medically medical management usually involves chemotherapy treatment effectiveness varies patient requires ongoing medical supervision monitoring,"{'diseases': [], 'symptoms': [], 'treatments': ['therapy', 'chemotherapy'], 'prevention': [], 'patient_types': [], 'food_recommendations': []}",TreatmentRecommendation,Synthetic,,153,16,2,2025-07-19T20:32:57.076114
267,What is the treatment for common cold?,"Treatment for common cold typically includes isolation. The specific treatment plan should be personalized based on individual patient factors, medical history, and disease severity.",treatment common cold,treatment common cold typically includes isolation specific treatment plan personalized based individual factor medical history disease severity,treatment common cold treatment common cold typically includes isolation specific treatment plan personalized based individual factor medical history disease severity,"{'diseases': ['common cold'], 'symptoms': [], 'treatments': ['isolation'], 'prevention': [], 'patient_types': [], 'food_recommendations': []}",TreatmentRecommendation,Synthetic,,166,20,2,2025-07-19T20:32:57.076566
268,What is the treatment for malaria?,"Treatment for malaria typically includes isolation. The specific treatment plan should be personalized based on individual patient factors, medical history, and disease severity.",treatment malaria,treatment malaria typically includes isolation specific treatment plan personalized based individual factor medical history disease severity,treatment malaria treatment malaria typically includes isolation specific treatment plan personalized based individual factor medical history disease severity,"{'diseases': ['malaria'], 'symptoms': [], 'treatments': ['isolation'], 'prevention': [], 'patient_types': [], 'food_recommendations': []}",TreatmentRecommendation,Synthetic,,158,18,2,2025-07-19T20:32:57.077012
269,What are the treatment options for arthritis?,Common treatment options for arthritis include radiation. Your healthcare provider will determine the most appropriate treatment approach based on your specific condition and needs.,treatment option arthritis,common treatment option arthritis include radiation healthcare provider determine appropriate treatment approach based specific condition need,treatment option arthritis common treatment option arthritis include radiation healthcare provider determine appropriate treatment approach based specific condition need,"{'diseases': ['arthritis'], 'symptoms': [], 'treatments': ['radiation'], 'prevention': [], 'patient_types': [], 'food_recommendations': []}",TreatmentRecommendation,Synthetic,,169,19,2,2025-07-19T20:32:57.077530
270,What are the treatment options for tuberculosis?,Common treatment options for tuberculosis include lifestyle changes. Your healthcare provider will determine the most appropriate treatment approach based on your specific condition and needs.,treatment option tuberculosis,common treatment option tuberculosis include lifestyle change healthcare provider determine appropriate treatment approach based specific condition need,treatment option tuberculosis common treatment option tuberculosis include lifestyle change healthcare provider determine appropriate treatment approach based specific condition need,"{'diseases': ['tuberculosis'], 'symptoms': [], 'treatments': [], 'prevention': [], 'patient_types': [], 'food_recommendations': []}",TreatmentRecommendation,Synthetic,,182,20,1,2025-07-19T20:32:57.078089
271,How is bronchitis managed medically?,Medical management of bronchitis usually involves vaccine. Treatment effectiveness varies among patients and requires ongoing medical supervision and monitoring.,bronchitis managed medically,medical management bronchitis usually involves vaccine treatment effectiveness varies patient requires ongoing medical supervision monitoring,bronchitis managed medically medical management bronchitis usually involves vaccine treatment effectiveness varies patient requires ongoing medical supervision monitoring,"{'diseases': ['bronchitis'], 'symptoms': [], 'treatments': ['vaccine'], 'prevention': [], 'patient_types': [], 'food_recommendations': []}",TreatmentRecommendation,Synthetic,,170,18,2,2025-07-19T20:32:57.078591
272,How do doctors treat anxiety?,Healthcare providers typically treat anxiety with hospital care. The treatment approach may be adjusted based on patient response and disease progression.,doctor treat anxiety,healthcare provider typically treat anxiety hospital care treatment approach adjusted based response disease progression,doctor treat anxiety healthcare provider typically treat anxiety hospital care treatment approach adjusted based response disease progression,"{'diseases': ['anxiety'], 'symptoms': [], 'treatments': ['hospital care'], 'prevention': [], 'patient_types': [], 'food_recommendations': []}",TreatmentRecommendation,Synthetic,,141,17,2,2025-07-19T20:32:57.079150
273,What is the treatment for allergies?,"Treatment for allergies typically includes physiotherapy. The specific treatment plan should be personalized based on individual patient factors, medical history, and disease severity.",treatment allergy,treatment allergy typically includes physiotherapy specific treatment plan personalized based individual factor medical history disease severity,treatment allergy treatment allergy typically includes physiotherapy specific treatment plan personalized based individual factor medical history disease severity,"{'diseases': [], 'symptoms': [], 'treatments': ['physiotherapy', 'therapy'], 'prevention': [], 'patient_types': [], 'food_recommendations': []}",TreatmentRecommendation,Synthetic,,162,18,2,2025-07-19T20:32:57.079597
274,What are the treatment options for diabetes?,Common treatment options for diabetes include diet modification. Your healthcare provider will determine the most appropriate treatment approach based on your specific condition and needs.,treatment option diabetes,common treatment option diabetes include diet modification healthcare provider determine appropriate treatment approach based specific condition need,treatment option diabetes common treatment option diabetes include diet modification healthcare provider determine appropriate treatment approach based specific condition need,"{'diseases': ['diabetes'], 'symptoms': [], 'treatments': ['diet modification'], 'prevention': [], 'patient_types': [], 'food_recommendations': []}",TreatmentRecommendation,Synthetic,,175,20,2,2025-07-19T20:32:57.080156
275,What are the treatment options for hypertension?,Common treatment options for hypertension include transplant. Your healthcare provider will determine the most appropriate treatment approach based on your specific condition and needs.,treatment option hypertension,common treatment option hypertension include transplant healthcare provider determine appropriate treatment approach based specific condition need,treatment option hypertension common treatment option hypertension include transplant healthcare provider determine appropriate treatment approach based specific condition need,"{'diseases': ['hypertension'], 'symptoms': [], 'treatments': ['transplant'], 'prevention': [], 'patient_types': [], 'food_recommendations': []}",TreatmentRecommendation,Synthetic,,176,19,2,2025-07-19T20:32:57.080698
276,What are the treatment options for osteoporosis?,Common treatment options for osteoporosis include rest. Your healthcare provider will determine the most appropriate treatment approach based on your specific condition and needs.,treatment option osteoporosis,common treatment option osteoporosis include rest healthcare provider determine appropriate treatment approach based specific condition need,treatment option osteoporosis common treatment option osteoporosis include rest healthcare provider determine appropriate treatment approach based specific condition need,"{'diseases': ['osteoporosis'], 'symptoms': [], 'treatments': ['rest'], 'prevention': [], 'patient_types': [], 'food_recommendations': []}",TreatmentRecommendation,Synthetic,,170,19,2,2025-07-19T20:32:57.081243
277,How do doctors treat cancer?,Healthcare providers typically treat cancer with lifestyle changes. The treatment approach may be adjusted based on patient response and disease progression.,doctor treat cancer,healthcare provider typically treat cancer lifestyle change treatment approach adjusted based response disease progression,doctor treat cancer healthcare provider typically treat cancer lifestyle change treatment approach adjusted based response disease progression,"{'diseases': ['cancer'], 'symptoms': [], 'treatments': [], 'prevention': [], 'patient_types': [], 'food_recommendations': []}",TreatmentRecommendation,Synthetic,,142,17,1,2025-07-19T20:32:57.081752
278,What are the treatment options for osteoporosis?,Common treatment options for osteoporosis include vaccine. Your healthcare provider will determine the most appropriate treatment approach based on your specific condition and needs.,treatment option osteoporosis,common treatment option osteoporosis include vaccine healthcare provider determine appropriate treatment approach based specific condition need,treatment option osteoporosis common treatment option osteoporosis include vaccine healthcare provider determine appropriate treatment approach based specific condition need,"{'diseases': ['osteoporosis'], 'symptoms': [], 'treatments': ['vaccine'], 'prevention': [], 'patient_types': [], 'food_recommendations': []}",TreatmentRecommendation,Synthetic,,173,19,2,2025-07-19T20:32:57.082270
279,How is depression managed medically?,Medical management of depression usually involves therapy. Treatment effectiveness varies among patients and requires ongoing medical supervision and monitoring.,depression managed medically,medical management depression usually involves therapy treatment effectiveness varies patient requires ongoing medical supervision monitoring,depression managed medically medical management depression usually involves therapy treatment effectiveness varies patient requires ongoing medical supervision monitoring,"{'diseases': ['depression'], 'symptoms': [], 'treatments': ['therapy'], 'prevention': [], 'patient_types': [], 'food_recommendations': []}",TreatmentRecommendation,Synthetic,,170,18,2,2025-07-19T20:32:57.082778
280,How is covid-19 managed medically?,Medical management of covid-19 usually involves oxygen therapy. Treatment effectiveness varies among patients and requires ongoing medical supervision and monitoring.,managed medically,medical management usually involves oxygen therapy treatment effectiveness varies patient requires ongoing medical supervision monitoring,managed medically medical management usually involves oxygen therapy treatment effectiveness varies patient requires ongoing medical supervision monitoring,"{'diseases': [], 'symptoms': [], 'treatments': ['therapy', 'oxygen therapy'], 'prevention': [], 'patient_types': [], 'food_recommendations': []}",TreatmentRecommendation,Synthetic,,155,17,2,2025-07-19T20:32:57.083250
281,How is arthritis managed medically?,Medical management of arthritis usually involves radiation. Treatment effectiveness varies among patients and requires ongoing medical supervision and monitoring.,arthritis managed medically,medical management arthritis usually involves radiation treatment effectiveness varies patient requires ongoing medical supervision monitoring,arthritis managed medically medical management arthritis usually involves radiation treatment effectiveness varies patient requires ongoing medical supervision monitoring,"{'diseases': ['arthritis'], 'symptoms': [], 'treatments': ['radiation'], 'prevention': [], 'patient_types': [], 'food_recommendations': []}",TreatmentRecommendation,Synthetic,,170,18,2,2025-07-19T20:32:57.083751
282,What is the treatment for tuberculosis?,"Treatment for tuberculosis typically includes isolation. The specific treatment plan should be personalized based on individual patient factors, medical history, and disease severity.",treatment tuberculosis,treatment tuberculosis typically includes isolation specific treatment plan personalized based individual factor medical history disease severity,treatment tuberculosis treatment tuberculosis typically includes isolation specific treatment plan personalized based individual factor medical history disease severity,"{'diseases': ['tuberculosis'], 'symptoms': [], 'treatments': ['isolation'], 'prevention': [], 'patient_types': [], 'food_recommendations': []}",TreatmentRecommendation,Synthetic,,168,18,2,2025-07-19T20:32:57.084202
283,What are the treatment options for dengue?,Common treatment options for dengue include counseling. Your healthcare provider will determine the most appropriate treatment approach based on your specific condition and needs.,treatment option dengue,common treatment option dengue include counseling healthcare provider determine appropriate treatment approach based specific condition need,treatment option dengue common treatment option dengue include counseling healthcare provider determine appropriate treatment approach based specific condition need,"{'diseases': ['dengue'], 'symptoms': [], 'treatments': ['counseling'], 'prevention': [], 'patient_types': [], 'food_recommendations': []}",TreatmentRecommendation,Synthetic,,164,19,2,2025-07-19T20:32:57.084726
284,How is osteoporosis managed medically?,Medical management of osteoporosis usually involves physiotherapy. Treatment effectiveness varies among patients and requires ongoing medical supervision and monitoring.,osteoporosis managed medically,medical management osteoporosis usually involves physiotherapy treatment effectiveness varies patient requires ongoing medical supervision monitoring,osteoporosis managed medically medical management osteoporosis usually involves physiotherapy treatment effectiveness varies patient requires ongoing medical supervision monitoring,"{'diseases': ['osteoporosis'], 'symptoms': [], 'treatments': ['physiotherapy', 'therapy'], 'prevention': [], 'patient_types': [], 'food_recommendations': []}",TreatmentRecommendation,Synthetic,,180,18,3,2025-07-19T20:32:57.085231
285,How is covid-19 managed medically?,Medical management of covid-19 usually involves immunotherapy. Treatment effectiveness varies among patients and requires ongoing medical supervision and monitoring.,managed medically,medical management usually involves immunotherapy treatment effectiveness varies patient requires ongoing medical supervision monitoring,managed medically medical management usually involves immunotherapy treatment effectiveness varies patient requires ongoing medical supervision monitoring,"{'diseases': [], 'symptoms': [], 'treatments': ['therapy', 'immunotherapy'], 'prevention': [], 'patient_types': [], 'food_recommendations': []}",TreatmentRecommendation,Synthetic,,154,16,2,2025-07-19T20:32:57.085681
286,How do doctors treat hepatitis?,Healthcare providers typically treat hepatitis with diet modification. The treatment approach may be adjusted based on patient response and disease progression.,doctor treat hepatitis,healthcare provider typically treat hepatitis diet modification treatment approach adjusted based response disease progression,doctor treat hepatitis healthcare provider typically treat hepatitis diet modification treatment approach adjusted based response disease progression,"{'diseases': ['hepatitis'], 'symptoms': [], 'treatments': ['diet modification'], 'prevention': [], 'patient_types': [], 'food_recommendations': []}",TreatmentRecommendation,Synthetic,,149,17,2,2025-07-19T20:32:57.086228
287,How do doctors treat coronavirus?,Healthcare providers typically treat coronavirus with painkillers. The treatment approach may be adjusted based on patient response and disease progression.,doctor treat,healthcare provider typically treat painkiller treatment approach adjusted based response disease progression,doctor treat healthcare provider typically treat painkiller treatment approach adjusted based response disease progression,"{'diseases': [], 'symptoms': [], 'treatments': [], 'prevention': [], 'patient_types': [], 'food_recommendations': []}",TreatmentRecommendation,Synthetic,,122,14,0,2025-07-19T20:32:57.086696
288,How is malaria managed medically?,Medical management of malaria usually involves transplant. Treatment effectiveness varies among patients and requires ongoing medical supervision and monitoring.,malaria managed medically,medical management malaria usually involves transplant treatment effectiveness varies patient requires ongoing medical supervision monitoring,malaria managed medically medical management malaria usually involves transplant treatment effectiveness varies patient requires ongoing medical supervision monitoring,"{'diseases': ['malaria'], 'symptoms': [], 'treatments': ['transplant'], 'prevention': [], 'patient_types': [], 'food_recommendations': []}",TreatmentRecommendation,Synthetic,,167,18,2,2025-07-19T20:32:57.087201
290,What are the treatment options for migraine?,Common treatment options for migraine include dialysis. Your healthcare provider will determine the most appropriate treatment approach based on your specific condition and needs.,treatment option migraine,common treatment option migraine include dialysis healthcare provider determine appropriate treatment approach based specific condition need,treatment option migraine common treatment option migraine include dialysis healthcare provider determine appropriate treatment approach based specific condition need,"{'diseases': ['migraine'], 'symptoms': [], 'treatments': ['dialysis'], 'prevention': [], 'patient_types': [], 'food_recommendations': []}",TreatmentRecommendation,Synthetic,,166,19,2,2025-07-19T20:32:57.088083
291,What are the treatment options for anxiety?,Common treatment options for anxiety include chemotherapy. Your healthcare provider will determine the most appropriate treatment approach based on your specific condition and needs.,treatment option anxiety,common treatment option anxiety include chemotherapy healthcare provider determine appropriate treatment approach based specific condition need,treatment option anxiety common treatment option anxiety include chemotherapy healthcare provider determine appropriate treatment approach based specific condition need,"{'diseases': ['anxiety'], 'symptoms': [], 'treatments': ['therapy', 'chemotherapy'], 'prevention': [], 'patient_types': [], 'food_recommendations': []}",TreatmentRecommendation,Synthetic,,168,19,3,2025-07-19T20:32:57.088597
292,What are the treatment options for heart disease?,Common treatment options for heart disease include radiation. Your healthcare provider will determine the most appropriate treatment approach based on your specific condition and needs.,treatment option heart disease,common treatment option heart disease include radiation healthcare provider determine appropriate treatment approach based specific condition need,treatment option heart disease common treatment option heart disease include radiation healthcare provider determine appropriate treatment approach based specific condition need,"{'diseases': ['heart disease'], 'symptoms': [], 'treatments': ['radiation'], 'prevention': [], 'patient_types': [], 'food_recommendations': []}",TreatmentRecommendation,Synthetic,,177,21,2,2025-07-19T20:32:57.089134
293,What are the treatment options for sars-cov-2?,Common treatment options for sars-cov-2 include immunotherapy. Your healthcare provider will determine the most appropriate treatment approach based on your specific condition and needs.,treatment option,common treatment option include immunotherapy healthcare provider determine appropriate treatment approach based specific condition need,treatment option common treatment option include immunotherapy healthcare provider determine appropriate treatment approach based specific condition need,"{'diseases': [], 'symptoms': [], 'treatments': ['therapy', 'immunotherapy'], 'prevention': [], 'patient_types': [], 'food_recommendations': []}",TreatmentRecommendation,Synthetic,,153,17,2,2025-07-19T20:32:57.089596
294,What are the treatment options for heart disease?,Common treatment options for heart disease include physiotherapy. Your healthcare provider will determine the most appropriate treatment approach based on your specific condition and needs.,treatment option heart disease,common treatment option heart disease include physiotherapy healthcare provider determine appropriate treatment approach based specific condition need,treatment option heart disease common treatment option heart disease include physiotherapy healthcare provider determine appropriate treatment approach based specific condition need,"{'diseases': ['heart disease'], 'symptoms': [], 'treatments': ['physiotherapy', 'therapy'], 'prevention': [], 'patient_types': [], 'food_recommendations': []}",TreatmentRecommendation,Synthetic,,181,21,3,2025-07-19T20:32:57.090118
295,How do doctors treat hepatitis?,Healthcare providers typically treat hepatitis with painkillers. The treatment approach may be adjusted based on patient response and disease progression.,doctor treat hepatitis,healthcare provider typically treat hepatitis painkiller treatment approach adjusted based response disease progression,doctor treat hepatitis healthcare provider typically treat hepatitis painkiller treatment approach adjusted based response disease progression,"{'diseases': ['hepatitis'], 'symptoms': [], 'treatments': [], 'prevention': [], 'patient_types': [], 'food_recommendations': []}",TreatmentRecommendation,Synthetic,,142,16,1,2025-07-19T20:32:57.090635
296,How is covid19 managed medically?,Medical management of covid19 usually involves isolation. Treatment effectiveness varies among patients and requires ongoing medical supervision and monitoring.,managed medically,medical management usually involves isolation treatment effectiveness varies patient requires ongoing medical supervision monitoring,managed medically medical management usually involves isolation treatment effectiveness varies patient requires ongoing medical supervision monitoring,"{'diseases': [], 'symptoms': [], 'treatments': ['isolation'], 'prevention': [], 'patient_types': [], 'food_recommendations': []}",TreatmentRecommendation,Synthetic,,150,16,1,2025-07-19T20:32:57.091079
297,What are the treatment options for depression?,Common treatment options for depression include rest. Your healthcare provider will determine the most appropriate treatment approach based on your specific condition and needs.,treatment option depression,common treatment option depression include rest healthcare provider determine appropriate treatment approach based specific condition need,treatment option depression common treatment option depression include rest healthcare provider determine appropriate treatment approach based specific condition need,"{'diseases': ['depression'], 'symptoms': [], 'treatments': ['rest'], 'prevention': [], 'patient_types': [], 'food_recommendations': []}",TreatmentRecommendation,Synthetic,,166,19,2,2025-07-19T20:32:57.091600
298,How do doctors treat depression?,Healthcare providers typically treat depression with dialysis. The treatment approach may be adjusted based on patient response and disease progression.,doctor treat depression,healthcare provider typically treat depression dialysis treatment approach adjusted based response disease progression,doctor treat depression healthcare provider typically treat depression dialysis treatment approach adjusted based response disease progression,"{'diseases': ['depression'], 'symptoms': [], 'treatments': ['dialysis'], 'prevention': [], 'patient_types': [], 'food_recommendations': []}",TreatmentRecommendation,Synthetic,,142,16,2,2025-07-19T20:32:57.092123
299,How do doctors treat common cold?,Healthcare providers typically treat common cold with rehabilitation. The treatment approach may be adjusted based on patient response and disease progression.,doctor treat common cold,healthcare provider typically treat common cold rehabilitation treatment approach adjusted based response disease progression,doctor treat common cold healthcare provider typically treat common cold rehabilitation treatment approach adjusted based response disease progression,"{'diseases': ['common cold'], 'symptoms': [], 'treatments': ['rehabilitation'], 'prevention': [], 'patient_types': [], 'food_recommendations': []}",TreatmentRecommendation,Synthetic,,150,18,2,2025-07-19T20:32:57.092670
300,Am I at risk for osteoporosis?,"Risk factors for osteoporosis include various personal, genetic, and environmental factors. Your individual risk assessment should be discussed with a healthcare provider who can evaluate your specific situation.",risk osteoporosis,risk factor osteoporosis include various personal genetic environmental factor individual risk assessment discussed healthcare provider evaluate specific situation,risk osteoporosis risk factor osteoporosis include various personal genetic environmental factor individual risk assessment discussed healthcare provider evaluate specific situation,"{'diseases': ['osteoporosis'], 'symptoms': [], 'treatments': [], 'prevention': [], 'patient_types': [], 'food_recommendations': ['iron']}",RiskAssessment,Synthetic,,181,20,2,2025-07-19T20:32:57.093332
302,Am I at risk for dengue?,"Risk factors for dengue include various personal, genetic, and environmental factors. Your individual risk assessment should be discussed with a healthcare provider who can evaluate your specific situation.",risk dengue,risk factor dengue include various personal genetic environmental factor individual risk assessment discussed healthcare provider evaluate specific situation,risk dengue risk factor dengue include various personal genetic environmental factor individual risk assessment discussed healthcare provider evaluate specific situation,"{'diseases': ['dengue'], 'symptoms': [], 'treatments': [], 'prevention': [], 'patient_types': [], 'food_recommendations': ['iron']}",RiskAssessment,Synthetic,,169,20,2,2025-07-19T20:32:57.094652
303,How can I assess my risk for obesity?,Risk assessment for obesity involves evaluating multiple factors. A healthcare provider can help determine your personal risk level and recommend appropriate preventive measures.,ass risk obesity,risk assessment obesity involves evaluating multiple factor healthcare provider help determine personal risk level recommend appropriate preventive measure,ass risk obesity risk assessment obesity involves evaluating multiple factor healthcare provider help determine personal risk level recommend appropriate preventive measure,"{'diseases': ['obesity'], 'symptoms': [], 'treatments': [], 'prevention': [], 'patient_types': [], 'food_recommendations': []}",RiskAssessment,Synthetic,,172,21,1,2025-07-19T20:32:57.095377
304,What increases the risk of bronchitis?,"Several factors can increase the risk of developing bronchitis. Age, lifestyle choices, family history, and existing medical conditions all play important roles in risk assessment.",increase risk bronchitis,several factor increase risk developing bronchitis age lifestyle choice family history existing medical condition play important role risk assessment,increase risk bronchitis several factor increase risk developing bronchitis age lifestyle choice family history existing medical condition play important role risk assessment,"{'diseases': ['bronchitis'], 'symptoms': [], 'treatments': [], 'prevention': [], 'patient_types': [], 'food_recommendations': []}",RiskAssessment,Synthetic,,174,22,1,2025-07-19T20:32:57.096051
305,Who is most likely to develop covid19?,Certain populations may have higher risk for covid19 based on various factors. Individual risk varies significantly and should be evaluated by medical professionals.,likely develop,certain population higher risk based various factor individual risk varies significantly evaluated medical professional,likely develop certain population higher risk based various factor individual risk varies significantly evaluated medical professional,"{'diseases': [], 'symptoms': [], 'treatments': [], 'prevention': [], 'patient_types': [], 'food_recommendations': []}",RiskAssessment,Synthetic,,134,16,0,2025-07-19T20:32:57.096569
306,Who is most likely to develop malaria?,Certain populations may have higher risk for malaria based on various factors. Individual risk varies significantly and should be evaluated by medical professionals.,likely develop malaria,certain population higher risk malaria based various factor individual risk varies significantly evaluated medical professional,likely develop malaria certain population higher risk malaria based various factor individual risk varies significantly evaluated medical professional,"{'diseases': ['malaria'], 'symptoms': [], 'treatments': [], 'prevention': [], 'patient_types': [], 'food_recommendations': []}",RiskAssessment,Synthetic,,150,18,1,2025-07-19T20:32:57.097098
307,What increases the risk of pneumonia?,"Several factors can increase the risk of developing pneumonia. Age, lifestyle choices, family history, and existing medical conditions all play important roles in risk assessment.",increase risk pneumonia,several factor increase risk developing pneumonia age lifestyle choice family history existing medical condition play important role risk assessment,increase risk pneumonia several factor increase risk developing pneumonia age lifestyle choice family history existing medical condition play important role risk assessment,"{'diseases': ['pneumonia'], 'symptoms': [], 'treatments': [], 'prevention': [], 'patient_types': [], 'food_recommendations': []}",RiskAssessment,Synthetic,,172,22,1,2025-07-19T20:32:57.097693
308,Who is most likely to develop hepatitis?,Certain populations may have higher risk for hepatitis based on various factors. Individual risk varies significantly and should be evaluated by medical professionals.,likely develop hepatitis,certain population higher risk hepatitis based various factor individual risk varies significantly evaluated medical professional,likely develop hepatitis certain population higher risk hepatitis based various factor individual risk varies significantly evaluated medical professional,"{'diseases': ['hepatitis'], 'symptoms': [], 'treatments': [], 'prevention': [], 'patient_types': [], 'food_recommendations': []}",RiskAssessment,Synthetic,,154,18,1,2025-07-19T20:32:57.098257
309,How can I assess my risk for hypertension?,Risk assessment for hypertension involves evaluating multiple factors. A healthcare provider can help determine your personal risk level and recommend appropriate preventive measures.,ass risk hypertension,risk assessment hypertension involves evaluating multiple factor healthcare provider help determine personal risk level recommend appropriate preventive measure,ass risk hypertension risk assessment hypertension involves evaluating multiple factor healthcare provider help determine personal risk level recommend appropriate preventive measure,"{'diseases': ['hypertension'], 'symptoms': [], 'treatments': [], 'prevention': [], 'patient_types': [], 'food_recommendations': []}",RiskAssessment,Synthetic,,182,21,1,2025-07-19T20:32:57.098996
310,Who is most likely to develop obesity?,Certain populations may have higher risk for obesity based on various factors. Individual risk varies significantly and should be evaluated by medical professionals.,likely develop obesity,certain population higher risk obesity based various factor individual risk varies significantly evaluated medical professional,likely develop obesity certain population higher risk obesity based various factor individual risk varies significantly evaluated medical professional,"{'diseases': ['obesity'], 'symptoms': [], 'treatments': [], 'prevention': [], 'patient_types': [], 'food_recommendations': []}",RiskAssessment,Synthetic,,150,18,1,2025-07-19T20:32:57.099513
311,How can I assess my risk for influenza?,Risk assessment for influenza involves evaluating multiple factors. A healthcare provider can help determine your personal risk level and recommend appropriate preventive measures.,ass risk influenza,risk assessment influenza involves evaluating multiple factor healthcare provider help determine personal risk level recommend appropriate preventive measure,ass risk influenza risk assessment influenza involves evaluating multiple factor healthcare provider help determine personal risk level recommend appropriate preventive measure,"{'diseases': ['flu', 'influenza'], 'symptoms': [], 'treatments': [], 'prevention': [], 'patient_types': [], 'food_recommendations': []}",RiskAssessment,Synthetic,,176,21,2,2025-07-19T20:32:57.100233
312,What increases the risk of osteoporosis?,"Several factors can increase the risk of developing osteoporosis. Age, lifestyle choices, family history, and existing medical conditions all play important roles in risk assessment.",increase risk osteoporosis,several factor increase risk developing osteoporosis age lifestyle choice family history existing medical condition play important role risk assessment,increase risk osteoporosis several factor increase risk developing osteoporosis age lifestyle choice family history existing medical condition play important role risk assessment,"{'diseases': ['osteoporosis'], 'symptoms': [], 'treatments': [], 'prevention': [], 'patient_types': [], 'food_recommendations': []}",RiskAssessment,Synthetic,,178,22,1,2025-07-19T20:32:57.100825
313,Who is most likely to develop flu?,Certain populations may have higher risk for flu based on various factors. Individual risk varies significantly and should be evaluated by medical professionals.,likely develop flu,certain population higher risk flu based various factor individual risk varies significantly evaluated medical professional,likely develop flu certain population higher risk flu based various factor individual risk varies significantly evaluated medical professional,"{'diseases': ['flu'], 'symptoms': [], 'treatments': [], 'prevention': [], 'patient_types': [], 'food_recommendations': []}",RiskAssessment,Synthetic,,142,18,1,2025-07-19T20:32:57.101342
314,What increases the risk of arthritis?,"Several factors can increase the risk of developing arthritis. Age, lifestyle choices, family history, and existing medical conditions all play important roles in risk assessment.",increase risk arthritis,several factor increase risk developing arthritis age lifestyle choice family history existing medical condition play important role risk assessment,increase risk arthritis several factor increase risk developing arthritis age lifestyle choice family history existing medical condition play important role risk assessment,"{'diseases': ['arthritis'], 'symptoms': [], 'treatments': [], 'prevention': [], 'patient_types': [], 'food_recommendations': []}",RiskAssessment,Synthetic,,172,22,1,2025-07-19T20:32:57.101929
316,How can I assess my risk for stroke?,Risk assessment for stroke involves evaluating multiple factors. A healthcare provider can help determine your personal risk level and recommend appropriate preventive measures.,ass risk stroke,risk assessment stroke involves evaluating multiple factor healthcare provider help determine personal risk level recommend appropriate preventive measure,ass risk stroke risk assessment stroke involves evaluating multiple factor healthcare provider help determine personal risk level recommend appropriate preventive measure,"{'diseases': ['stroke'], 'symptoms': [], 'treatments': [], 'prevention': [], 'patient_types': [], 'food_recommendations': []}",RiskAssessment,Synthetic,,170,21,1,2025-07-19T20:32:57.103165
317,Who is most likely to develop covid19?,Certain populations may have higher risk for covid19 based on various factors. Individual risk varies significantly and should be evaluated by medical professionals.,likely develop,certain population higher risk based various factor individual risk varies significantly evaluated medical professional,likely develop certain population higher risk based various factor individual risk varies significantly evaluated medical professional,"{'diseases': [], 'symptoms': [], 'treatments': [], 'prevention': [], 'patient_types': [], 'food_recommendations': []}",RiskAssessment,Synthetic,,134,16,0,2025-07-19T20:32:57.103630
318,Who is most likely to develop migraine?,Certain populations may have higher risk for migraine based on various factors. Individual risk varies significantly and should be evaluated by medical professionals.,likely develop migraine,certain population higher risk migraine based various factor individual risk varies significantly evaluated medical professional,likely develop migraine certain population higher risk migraine based various factor individual risk varies significantly evaluated medical professional,"{'diseases': ['migraine'], 'symptoms': [], 'treatments': [], 'prevention': [], 'patient_types': [], 'food_recommendations': []}",RiskAssessment,Synthetic,,152,18,1,2025-07-19T20:32:57.104146
319,How can I assess my risk for common cold?,Risk assessment for common cold involves evaluating multiple factors. A healthcare provider can help determine your personal risk level and recommend appropriate preventive measures.,ass risk common cold,risk assessment common cold involves evaluating multiple factor healthcare provider help determine personal risk level recommend appropriate preventive measure,ass risk common cold risk assessment common cold involves evaluating multiple factor healthcare provider help determine personal risk level recommend appropriate preventive measure,"{'diseases': ['common cold'], 'symptoms': [], 'treatments': [], 'prevention': [], 'patient_types': [], 'food_recommendations': []}",RiskAssessment,Synthetic,,180,23,1,2025-07-19T20:32:57.104883
320,Am I at risk for arthritis?,"Risk factors for arthritis include various personal, genetic, and environmental factors. Your individual risk assessment should be discussed with a healthcare provider who can evaluate your specific situation.",risk arthritis,risk factor arthritis include various personal genetic environmental factor individual risk assessment discussed healthcare provider evaluate specific situation,risk arthritis risk factor arthritis include various personal genetic environmental factor individual risk assessment discussed healthcare provider evaluate specific situation,"{'diseases': ['arthritis'], 'symptoms': [], 'treatments': [], 'prevention': [], 'patient_types': [], 'food_recommendations': ['iron']}",RiskAssessment,Synthetic,,175,20,2,2025-07-19T20:32:57.105448
321,Am I at risk for cancer?,"Risk factors for cancer include various personal, genetic, and environmental factors. Your individual risk assessment should be discussed with a healthcare provider who can evaluate your specific situation.",risk cancer,risk factor cancer include various personal genetic environmental factor individual risk assessment discussed healthcare provider evaluate specific situation,risk cancer risk factor cancer include various personal genetic environmental factor individual risk assessment discussed healthcare provider evaluate specific situation,"{'diseases': ['cancer'], 'symptoms': [], 'treatments': [], 'prevention': [], 'patient_types': [], 'food_recommendations': ['iron']}",RiskAssessment,Synthetic,,169,20,2,2025-07-19T20:32:57.105957
322,What increases the risk of dengue?,"Several factors can increase the risk of developing dengue. Age, lifestyle choices, family history, and existing medical conditions all play important roles in risk assessment.",increase risk dengue,several factor increase risk developing dengue age lifestyle choice family history existing medical condition play important role risk assessment,increase risk dengue several factor increase risk developing dengue age lifestyle choice family history existing medical condition play important role risk assessment,"{'diseases': ['dengue'], 'symptoms': [], 'treatments': [], 'prevention': [], 'patient_types': [], 'food_recommendations': []}",RiskAssessment,Synthetic,,166,22,1,2025-07-19T20:32:57.106546
323,Am I at risk for heart disease?,"Risk factors for heart disease include various personal, genetic, and environmental factors. Your individual risk assessment should be discussed with a healthcare provider who can evaluate your specific situation.",risk heart disease,risk factor heart disease include various personal genetic environmental factor individual risk assessment discussed healthcare provider evaluate specific situation,risk heart disease risk factor heart disease include various personal genetic environmental factor individual risk assessment discussed healthcare provider evaluate specific situation,"{'diseases': ['heart disease'], 'symptoms': [], 'treatments': [], 'prevention': [], 'patient_types': [], 'food_recommendations': ['iron']}",RiskAssessment,Synthetic,,183,22,2,2025-07-19T20:32:57.107570
324,What increases the risk of influenza?,"Several factors can increase the risk of developing influenza. Age, lifestyle choices, family history, and existing medical conditions all play important roles in risk assessment.",increase risk influenza,several factor increase risk developing influenza age lifestyle choice family history existing medical condition play important role risk assessment,increase risk influenza several factor increase risk developing influenza age lifestyle choice family history existing medical condition play important role risk assessment,"{'diseases': ['flu', 'influenza'], 'symptoms': [], 'treatments': [], 'prevention': [], 'patient_types': [], 'food_recommendations': []}",RiskAssessment,Synthetic,,172,22,2,2025-07-19T20:32:57.108428
325,What increases the risk of common cold?,"Several factors can increase the risk of developing common cold. Age, lifestyle choices, family history, and existing medical conditions all play important roles in risk assessment.",increase risk common cold,several factor increase risk developing common cold age lifestyle choice family history existing medical condition play important role risk assessment,increase risk common cold several factor increase risk developing common cold age lifestyle choice family history existing medical condition play important role risk assessment,"{'diseases': ['common cold'], 'symptoms': [], 'treatments': [], 'prevention': [], 'patient_types': [], 'food_recommendations': []}",RiskAssessment,Synthetic,,176,24,1,2025-07-19T20:32:57.109108
326,How can I assess my risk for bronchitis?,Risk assessment for bronchitis involves evaluating multiple factors. A healthcare provider can help determine your personal risk level and recommend appropriate preventive measures.,ass risk bronchitis,risk assessment bronchitis involves evaluating multiple factor healthcare provider help determine personal risk level recommend appropriate preventive measure,ass risk bronchitis risk assessment bronchitis involves evaluating multiple factor healthcare provider help determine personal risk level recommend appropriate preventive measure,"{'diseases': ['bronchitis'], 'symptoms': [], 'treatments': [], 'prevention': [], 'patient_types': [], 'food_recommendations': []}",RiskAssessment,Synthetic,,178,21,1,2025-07-19T20:32:57.109842
327,Am I at risk for arthritis?,"Risk factors for arthritis include various personal, genetic, and environmental factors. Your individual risk assessment should be discussed with a healthcare provider who can evaluate your specific situation.",risk arthritis,risk factor arthritis include various personal genetic environmental factor individual risk assessment discussed healthcare provider evaluate specific situation,risk arthritis risk factor arthritis include various personal genetic environmental factor individual risk assessment discussed healthcare provider evaluate specific situation,"{'diseases': ['arthritis'], 'symptoms': [], 'treatments': [], 'prevention': [], 'patient_types': [], 'food_recommendations': ['iron']}",RiskAssessment,Synthetic,,175,20,2,2025-07-19T20:32:57.110395
328,Who is most likely to develop liver disease?,Certain populations may have higher risk for liver disease based on various factors. Individual risk varies significantly and should be evaluated by medical professionals.,likely develop liver disease,certain population higher risk disease based various factor individual risk varies significantly evaluated medical professional,likely develop liver disease certain population higher risk disease based various factor individual risk varies significantly evaluated medical professional,"{'diseases': ['liver disease'], 'symptoms': [], 'treatments': [], 'prevention': [], 'patient_types': [], 'food_recommendations': []}",RiskAssessment,Synthetic,,156,19,1,2025-07-19T20:32:57.110974
329,What increases the risk of arthritis?,"Several factors can increase the risk of developing arthritis. Age, lifestyle choices, family history, and existing medical conditions all play important roles in risk assessment.",increase risk arthritis,several factor increase risk developing arthritis age lifestyle choice family history existing medical condition play important role risk assessment,increase risk arthritis several factor increase risk developing arthritis age lifestyle choice family history existing medical condition play important role risk assessment,"{'diseases': ['arthritis'], 'symptoms': [], 'treatments': [], 'prevention': [], 'patient_types': [], 'food_recommendations': []}",RiskAssessment,Synthetic,,172,22,1,2025-07-19T20:32:57.111547
330,How can I assess my risk for asthma?,Risk assessment for asthma involves evaluating multiple factors. A healthcare provider can help determine your personal risk level and recommend appropriate preventive measures.,ass risk asthma,risk assessment asthma involves evaluating multiple factor healthcare provider help determine personal risk level recommend appropriate preventive measure,ass risk asthma risk assessment asthma involves evaluating multiple factor healthcare provider help determine personal risk level recommend appropriate preventive measure,"{'diseases': ['asthma'], 'symptoms': [], 'treatments': [], 'prevention': [], 'patient_types': [], 'food_recommendations': []}",RiskAssessment,Synthetic,,170,21,1,2025-07-19T20:32:57.112252
331,How can I assess my risk for influenza?,Risk assessment for influenza involves evaluating multiple factors. A healthcare provider can help determine your personal risk level and recommend appropriate preventive measures.,ass risk influenza,risk assessment influenza involves evaluating multiple factor healthcare provider help determine personal risk level recommend appropriate preventive measure,ass risk influenza risk assessment influenza involves evaluating multiple factor healthcare provider help determine personal risk level recommend appropriate preventive measure,"{'diseases': ['flu', 'influenza'], 'symptoms': [], 'treatments': [], 'prevention': [], 'patient_types': [], 'food_recommendations': []}",RiskAssessment,Synthetic,,176,21,2,2025-07-19T20:32:57.112953
332,Who is most likely to develop allergies?,Certain populations may have higher risk for allergies based on various factors. Individual risk varies significantly and should be evaluated by medical professionals.,likely develop allergy,certain population higher risk allergy based various factor individual risk varies significantly evaluated medical professional,likely develop allergy certain population higher risk allergy based various factor individual risk varies significantly evaluated medical professional,"{'diseases': [], 'symptoms': [], 'treatments': [], 'prevention': [], 'patient_types': [], 'food_recommendations': []}",RiskAssessment,Synthetic,,150,18,0,2025-07-19T20:32:57.113477
333,Am I at risk for dengue?,"Risk factors for dengue include various personal, genetic, and environmental factors. Your individual risk assessment should be discussed with a healthcare provider who can evaluate your specific situation.",risk dengue,risk factor dengue include various personal genetic environmental factor individual risk assessment discussed healthcare provider evaluate specific situation,risk dengue risk factor dengue include various personal genetic environmental factor individual risk assessment discussed healthcare provider evaluate specific situation,"{'diseases': ['dengue'], 'symptoms': [], 'treatments': [], 'prevention': [], 'patient_types': [], 'food_recommendations': ['iron']}",RiskAssessment,Synthetic,,169,20,2,2025-07-19T20:32:57.114037
334,How can I assess my risk for liver disease?,Risk assessment for liver disease involves evaluating multiple factors. A healthcare provider can help determine your personal risk level and recommend appropriate preventive measures.,ass risk liver disease,risk assessment disease involves evaluating multiple factor healthcare provider help determine personal risk level recommend appropriate preventive measure,ass risk liver disease risk assessment disease involves evaluating multiple factor healthcare provider help determine personal risk level recommend appropriate preventive measure,"{'diseases': ['liver disease'], 'symptoms': [], 'treatments': [], 'prevention': [], 'patient_types': [], 'food_recommendations': []}",RiskAssessment,Synthetic,,178,22,1,2025-07-19T20:32:57.114828
335,Who is most likely to develop common cold?,Certain populations may have higher risk for common cold based on various factors. Individual risk varies significantly and should be evaluated by medical professionals.,likely develop common cold,certain population higher risk common cold based various factor individual risk varies significantly evaluated medical professional,likely develop common cold certain population higher risk common cold based various factor individual risk varies significantly evaluated medical professional,"{'diseases': ['common cold'], 'symptoms': [], 'treatments': [], 'prevention': [], 'patient_types': [], 'food_recommendations': []}",RiskAssessment,Synthetic,,158,20,1,2025-07-19T20:32:57.115355
336,Am I at risk for bronchitis?,"Risk factors for bronchitis include various personal, genetic, and environmental factors. Your individual risk assessment should be discussed with a healthcare provider who can evaluate your specific situation.",risk bronchitis,risk factor bronchitis include various personal genetic environmental factor individual risk assessment discussed healthcare provider evaluate specific situation,risk bronchitis risk factor bronchitis include various personal genetic environmental factor individual risk assessment discussed healthcare provider evaluate specific situation,"{'diseases': ['bronchitis'], 'symptoms': [], 'treatments': [], 'prevention': [], 'patient_types': [], 'food_recommendations': ['iron']}",RiskAssessment,Synthetic,,177,20,2,2025-07-19T20:32:57.115917
337,Am I at risk for dengue?,"Risk factors for dengue include various personal, genetic, and environmental factors. Your individual risk assessment should be discussed with a healthcare provider who can evaluate your specific situation.",risk dengue,risk factor dengue include various personal genetic environmental factor individual risk assessment discussed healthcare provider evaluate specific situation,risk dengue risk factor dengue include various personal genetic environmental factor individual risk assessment discussed healthcare provider evaluate specific situation,"{'diseases': ['dengue'], 'symptoms': [], 'treatments': [], 'prevention': [], 'patient_types': [], 'food_recommendations': ['iron']}",RiskAssessment,Synthetic,,169,20,2,2025-07-19T20:32:57.116477
338,Who is most likely to develop malaria?,Certain populations may have higher risk for malaria based on various factors. Individual risk varies significantly and should be evaluated by medical professionals.,likely develop malaria,certain population higher risk malaria based various factor individual risk varies significantly evaluated medical professional,likely develop malaria certain population higher risk malaria based various factor individual risk varies significantly evaluated medical professional,"{'diseases': ['malaria'], 'symptoms': [], 'treatments': [], 'prevention': [], 'patient_types': [], 'food_recommendations': []}",RiskAssessment,Synthetic,,150,18,1,2025-07-19T20:32:57.116992
339,What increases the risk of tuberculosis?,"Several factors can increase the risk of developing tuberculosis. Age, lifestyle choices, family history, and existing medical conditions all play important roles in risk assessment.",increase risk tuberculosis,several factor increase risk developing tuberculosis age lifestyle choice family history existing medical condition play important role risk assessment,increase risk tuberculosis several factor increase risk developing tuberculosis age lifestyle choice family history existing medical condition play important role risk assessment,"{'diseases': ['tuberculosis'], 'symptoms': [], 'treatments': [], 'prevention': [], 'patient_types': [], 'food_recommendations': []}",RiskAssessment,Synthetic,,178,22,1,2025-07-19T20:32:57.117590
340,Who is most likely to develop cancer?,Certain populations may have higher risk for cancer based on various factors. Individual risk varies significantly and should be evaluated by medical professionals.,likely develop cancer,certain population higher risk cancer based various factor individual risk varies significantly evaluated medical professional,likely develop cancer certain population higher risk cancer based various factor individual risk varies significantly evaluated medical professional,"{'diseases': ['cancer'], 'symptoms': [], 'treatments': [], 'prevention': [], 'patient_types': [], 'food_recommendations': []}",RiskAssessment,Synthetic,,148,18,1,2025-07-19T20:32:57.118058
341,What increases the risk of flu?,"Several factors can increase the risk of developing flu. Age, lifestyle choices, family history, and existing medical conditions all play important roles in risk assessment.",increase risk flu,several factor increase risk developing flu age lifestyle choice family history existing medical condition play important role risk assessment,increase risk flu several factor increase risk developing flu age lifestyle choice family history existing medical condition play important role risk assessment,"{'diseases': ['flu'], 'symptoms': [], 'treatments': [], 'prevention': [], 'patient_types': [], 'food_recommendations': []}",RiskAssessment,Synthetic,,160,22,1,2025-07-19T20:32:57.118638
342,Am I at risk for allergies?,"Risk factors for allergies include various personal, genetic, and environmental factors. Your individual risk assessment should be discussed with a healthcare provider who can evaluate your specific situation.",risk allergy,risk factor allergy include various personal genetic environmental factor individual risk assessment discussed healthcare provider evaluate specific situation,risk allergy risk factor allergy include various personal genetic environmental factor individual risk assessment discussed healthcare provider evaluate specific situation,"{'diseases': [], 'symptoms': [], 'treatments': [], 'prevention': [], 'patient_types': [], 'food_recommendations': ['iron']}",RiskAssessment,Synthetic,,171,20,1,2025-07-19T20:32:57.119209
343,How can I assess my risk for migraine?,Risk assessment for migraine involves evaluating multiple factors. A healthcare provider can help determine your personal risk level and recommend appropriate preventive measures.,ass risk migraine,risk assessment migraine involves evaluating multiple factor healthcare provider help determine personal risk level recommend appropriate preventive measure,ass risk migraine risk assessment migraine involves evaluating multiple factor healthcare provider help determine personal risk level recommend appropriate preventive measure,"{'diseases': ['migraine'], 'symptoms': [], 'treatments': [], 'prevention': [], 'patient_types': [], 'food_recommendations': []}",RiskAssessment,Synthetic,,174,21,1,2025-07-19T20:32:57.119931
344,How can I assess my risk for depression?,Risk assessment for depression involves evaluating multiple factors. A healthcare provider can help determine your personal risk level and recommend appropriate preventive measures.,ass risk depression,risk assessment depression involves evaluating multiple factor healthcare provider help determine personal risk level recommend appropriate preventive measure,ass risk depression risk assessment depression involves evaluating multiple factor healthcare provider help determine personal risk level recommend appropriate preventive measure,"{'diseases': ['depression'], 'symptoms': [], 'treatments': [], 'prevention': [], 'patient_types': [], 'food_recommendations': []}",RiskAssessment,Synthetic,,178,21,1,2025-07-19T20:32:57.120658
345,Who is most likely to develop covid-19?,Certain populations may have higher risk for covid-19 based on various factors. Individual risk varies significantly and should be evaluated by medical professionals.,likely develop,certain population higher risk based various factor individual risk varies significantly evaluated medical professional,likely develop certain population higher risk based various factor individual risk varies significantly evaluated medical professional,"{'diseases': [], 'symptoms': [], 'treatments': [], 'prevention': [], 'patient_types': [], 'food_recommendations': []}",RiskAssessment,Synthetic,,134,16,0,2025-07-19T20:32:57.121121
346,Am I at risk for heart disease?,"Risk factors for heart disease include various personal, genetic, and environmental factors. Your individual risk assessment should be discussed with a healthcare provider who can evaluate your specific situation.",risk heart disease,risk factor heart disease include various personal genetic environmental factor individual risk assessment discussed healthcare provider evaluate specific situation,risk heart disease risk factor heart disease include various personal genetic environmental factor individual risk assessment discussed healthcare provider evaluate specific situation,"{'diseases': ['heart disease'], 'symptoms': [], 'treatments': [], 'prevention': [], 'patient_types': [], 'food_recommendations': ['iron']}",RiskAssessment,Synthetic,,183,22,2,2025-07-19T20:32:57.121691
348,Who is most likely to develop sars-cov-2?,Certain populations may have higher risk for sars-cov-2 based on various factors. Individual risk varies significantly and should be evaluated by medical professionals.,likely develop,certain population higher risk based various factor individual risk varies significantly evaluated medical professional,likely develop certain population higher risk based various factor individual risk varies significantly evaluated medical professional,"{'diseases': [], 'symptoms': [], 'treatments': [], 'prevention': [], 'patient_types': [], 'food_recommendations': []}",RiskAssessment,Synthetic,,134,16,0,2025-07-19T20:32:57.122636
349,Am I at risk for hypertension?,"Risk factors for hypertension include various personal, genetic, and environmental factors. Your individual risk assessment should be discussed with a healthcare provider who can evaluate your specific situation.",risk hypertension,risk factor hypertension include various personal genetic environmental factor individual risk assessment discussed healthcare provider evaluate specific situation,risk hypertension risk factor hypertension include various personal genetic environmental factor individual risk assessment discussed healthcare provider evaluate specific situation,"{'diseases': ['hypertension'], 'symptoms': [], 'treatments': [], 'prevention': [], 'patient_types': [], 'food_recommendations': ['iron']}",RiskAssessment,Synthetic,,181,20,2,2025-07-19T20:32:57.123204
350,What increases the risk of liver disease?,"Several factors can increase the risk of developing liver disease. Age, lifestyle choices, family history, and existing medical conditions all play important roles in risk assessment.",increase risk liver disease,several factor increase risk developing liver disease age lifestyle choice family history existing medical condition play important role risk assessment,increase risk liver disease several factor increase risk developing liver disease age lifestyle choice family history existing medical condition play important role risk assessment,"{'diseases': ['liver disease'], 'symptoms': [], 'treatments': [], 'prevention': [], 'patient_types': [], 'food_recommendations': []}",RiskAssessment,Synthetic,,180,24,1,2025-07-19T20:32:57.123863
351,What increases the risk of sars-cov-2?,"Several factors can increase the risk of developing sars-cov-2. Age, lifestyle choices, family history, and existing medical conditions all play important roles in risk assessment.",increase risk,several factor increase risk developing age lifestyle choice family history existing medical condition play important role risk assessment,increase risk several factor increase risk developing age lifestyle choice family history existing medical condition play important role risk assessment,"{'diseases': [], 'symptoms': [], 'treatments': [], 'prevention': [], 'patient_types': [], 'food_recommendations': []}",RiskAssessment,Synthetic,,152,20,0,2025-07-19T20:32:57.124401
352,What increases the risk of tuberculosis?,"Several factors can increase the risk of developing tuberculosis. Age, lifestyle choices, family history, and existing medical conditions all play important roles in risk assessment.",increase risk tuberculosis,several factor increase risk developing tuberculosis age lifestyle choice family history existing medical condition play important role risk assessment,increase risk tuberculosis several factor increase risk developing tuberculosis age lifestyle choice family history existing medical condition play important role risk assessment,"{'diseases': ['tuberculosis'], 'symptoms': [], 'treatments': [], 'prevention': [], 'patient_types': [], 'food_recommendations': []}",RiskAssessment,Synthetic,,178,22,1,2025-07-19T20:32:57.124988
353,Am I at risk for stroke?,"Risk factors for stroke include various personal, genetic, and environmental factors. Your individual risk assessment should be discussed with a healthcare provider who can evaluate your specific situation.",risk stroke,risk factor stroke include various personal genetic environmental factor individual risk assessment discussed healthcare provider evaluate specific situation,risk stroke risk factor stroke include various personal genetic environmental factor individual risk assessment discussed healthcare provider evaluate specific situation,"{'diseases': ['stroke'], 'symptoms': [], 'treatments': [], 'prevention': [], 'patient_types': [], 'food_recommendations': ['iron']}",RiskAssessment,Synthetic,,169,20,2,2025-07-19T20:32:57.125556
354,Am I at risk for hepatitis?,"Risk factors for hepatitis include various personal, genetic, and environmental factors. Your individual risk assessment should be discussed with a healthcare provider who can evaluate your specific situation.",risk hepatitis,risk factor hepatitis include various personal genetic environmental factor individual risk assessment discussed healthcare provider evaluate specific situation,risk hepatitis risk factor hepatitis include various personal genetic environmental factor individual risk assessment discussed healthcare provider evaluate specific situation,"{'diseases': ['hepatitis'], 'symptoms': [], 'treatments': [], 'prevention': [], 'patient_types': [], 'food_recommendations': ['iron']}",RiskAssessment,Synthetic,,175,20,2,2025-07-19T20:32:57.126114
355,Who is most likely to develop flu?,Certain populations may have higher risk for flu based on various factors. Individual risk varies significantly and should be evaluated by medical professionals.,likely develop flu,certain population higher risk flu based various factor individual risk varies significantly evaluated medical professional,likely develop flu certain population higher risk flu based various factor individual risk varies significantly evaluated medical professional,"{'diseases': ['flu'], 'symptoms': [], 'treatments': [], 'prevention': [], 'patient_types': [], 'food_recommendations': []}",RiskAssessment,Synthetic,,142,18,1,2025-07-19T20:32:57.126627
356,Am I at risk for osteoporosis?,"Risk factors for osteoporosis include various personal, genetic, and environmental factors. Your individual risk assessment should be discussed with a healthcare provider who can evaluate your specific situation.",risk osteoporosis,risk factor osteoporosis include various personal genetic environmental factor individual risk assessment discussed healthcare provider evaluate specific situation,risk osteoporosis risk factor osteoporosis include various personal genetic environmental factor individual risk assessment discussed healthcare provider evaluate specific situation,"{'diseases': ['osteoporosis'], 'symptoms': [], 'treatments': [], 'prevention': [], 'patient_types': [], 'food_recommendations': ['iron']}",RiskAssessment,Synthetic,,181,20,2,2025-07-19T20:32:57.127197
357,What increases the risk of obesity?,"Several factors can increase the risk of developing obesity. Age, lifestyle choices, family history, and existing medical conditions all play important roles in risk assessment.",increase risk obesity,several factor increase risk developing obesity age lifestyle choice family history existing medical condition play important role risk assessment,increase risk obesity several factor increase risk developing obesity age lifestyle choice family history existing medical condition play important role risk assessment,"{'diseases': ['obesity'], 'symptoms': [], 'treatments': [], 'prevention': [], 'patient_types': [], 'food_recommendations': []}",RiskAssessment,Synthetic,,168,22,1,2025-07-19T20:32:57.127784
358,Am I at risk for bronchitis?,"Risk factors for bronchitis include various personal, genetic, and environmental factors. Your individual risk assessment should be discussed with a healthcare provider who can evaluate your specific situation.",risk bronchitis,risk factor bronchitis include various personal genetic environmental factor individual risk assessment discussed healthcare provider evaluate specific situation,risk bronchitis risk factor bronchitis include various personal genetic environmental factor individual risk assessment discussed healthcare provider evaluate specific situation,"{'diseases': ['bronchitis'], 'symptoms': [], 'treatments': [], 'prevention': [], 'patient_types': [], 'food_recommendations': ['iron']}",RiskAssessment,Synthetic,,177,20,2,2025-07-19T20:32:57.128346
359,What increases the risk of asthma?,"Several factors can increase the risk of developing asthma. Age, lifestyle choices, family history, and existing medical conditions all play important roles in risk assessment.",increase risk asthma,several factor increase risk developing asthma age lifestyle choice family history existing medical condition play important role risk assessment,increase risk asthma several factor increase risk developing asthma age lifestyle choice family history existing medical condition play important role risk assessment,"{'diseases': ['asthma'], 'symptoms': [], 'treatments': [], 'prevention': [], 'patient_types': [], 'food_recommendations': []}",RiskAssessment,Synthetic,,166,22,1,2025-07-19T20:32:57.128932
360,Am I at risk for dengue?,"Risk factors for dengue include various personal, genetic, and environmental factors. Your individual risk assessment should be discussed with a healthcare provider who can evaluate your specific situation.",risk dengue,risk factor dengue include various personal genetic environmental factor individual risk assessment discussed healthcare provider evaluate specific situation,risk dengue risk factor dengue include various personal genetic environmental factor individual risk assessment discussed healthcare provider evaluate specific situation,"{'diseases': ['dengue'], 'symptoms': [], 'treatments': [], 'prevention': [], 'patient_types': [], 'food_recommendations': ['iron']}",RiskAssessment,Synthetic,,169,20,2,2025-07-19T20:32:57.129491
361,Am I at risk for tuberculosis?,"Risk factors for tuberculosis include various personal, genetic, and environmental factors. Your individual risk assessment should be discussed with a healthcare provider who can evaluate your specific situation.",risk tuberculosis,risk factor tuberculosis include various personal genetic environmental factor individual risk assessment discussed healthcare provider evaluate specific situation,risk tuberculosis risk factor tuberculosis include various personal genetic environmental factor individual risk assessment discussed healthcare provider evaluate specific situation,"{'diseases': ['tuberculosis'], 'symptoms': [], 'treatments': [], 'prevention': [], 'patient_types': [], 'food_recommendations': ['iron']}",RiskAssessment,Synthetic,,181,20,2,2025-07-19T20:32:57.130056
362,Who is most likely to develop hypertension?,Certain populations may have higher risk for hypertension based on various factors. Individual risk varies significantly and should be evaluated by medical professionals.,likely develop hypertension,certain population higher risk hypertension based various factor individual risk varies significantly evaluated medical professional,likely develop hypertension certain population higher risk hypertension based various factor individual risk varies significantly evaluated medical professional,"{'diseases': ['hypertension'], 'symptoms': [], 'treatments': [], 'prevention': [], 'patient_types': [], 'food_recommendations': []}",RiskAssessment,Synthetic,,160,18,1,2025-07-19T20:32:57.130584
363,How can I assess my risk for kidney disease?,Risk assessment for kidney disease involves evaluating multiple factors. A healthcare provider can help determine your personal risk level and recommend appropriate preventive measures.,ass risk kidney disease,risk assessment kidney disease involves evaluating multiple factor healthcare provider help determine personal risk level recommend appropriate preventive measure,ass risk kidney disease risk assessment kidney disease involves evaluating multiple factor healthcare provider help determine personal risk level recommend appropriate preventive measure,"{'diseases': ['kidney disease'], 'symptoms': [], 'treatments': [], 'prevention': [], 'patient_types': [], 'food_recommendations': []}",RiskAssessment,Synthetic,,186,23,1,2025-07-19T20:32:57.131371
365,What increases the risk of covid-19?,"Several factors can increase the risk of developing covid-19. Age, lifestyle choices, family history, and existing medical conditions all play important roles in risk assessment.",increase risk,several factor increase risk developing age lifestyle choice family history existing medical condition play important role risk assessment,increase risk several factor increase risk developing age lifestyle choice family history existing medical condition play important role risk assessment,"{'diseases': [], 'symptoms': [], 'treatments': [], 'prevention': [], 'patient_types': [], 'food_recommendations': []}",RiskAssessment,Synthetic,,152,20,0,2025-07-19T20:32:57.132435
366,How can I assess my risk for obesity?,Risk assessment for obesity involves evaluating multiple factors. A healthcare provider can help determine your personal risk level and recommend appropriate preventive measures.,ass risk obesity,risk assessment obesity involves evaluating multiple factor healthcare provider help determine personal risk level recommend appropriate preventive measure,ass risk obesity risk assessment obesity involves evaluating multiple factor healthcare provider help determine personal risk level recommend appropriate preventive measure,"{'diseases': ['obesity'], 'symptoms': [], 'treatments': [], 'prevention': [], 'patient_types': [], 'food_recommendations': []}",RiskAssessment,Synthetic,,172,21,1,2025-07-19T20:32:57.133158
367,What increases the risk of anxiety?,"Several factors can increase the risk of developing anxiety. Age, lifestyle choices, family history, and existing medical conditions all play important roles in risk assessment.",increase risk anxiety,several factor increase risk developing anxiety age lifestyle choice family history existing medical condition play important role risk assessment,increase risk anxiety several factor increase risk developing anxiety age lifestyle choice family history existing medical condition play important role risk assessment,"{'diseases': ['anxiety'], 'symptoms': [], 'treatments': [], 'prevention': [], 'patient_types': [], 'food_recommendations': []}",RiskAssessment,Synthetic,,168,22,1,2025-07-19T20:32:57.133746
368,Am I at risk for migraine?,"Risk factors for migraine include various personal, genetic, and environmental factors. Your individual risk assessment should be discussed with a healthcare provider who can evaluate your specific situation.",risk migraine,risk factor migraine include various personal genetic environmental factor individual risk assessment discussed healthcare provider evaluate specific situation,risk migraine risk factor migraine include various personal genetic environmental factor individual risk assessment discussed healthcare provider evaluate specific situation,"{'diseases': ['migraine'], 'symptoms': [], 'treatments': [], 'prevention': [], 'patient_types': [], 'food_recommendations': ['iron']}",RiskAssessment,Synthetic,,173,20,2,2025-07-19T20:32:57.134311
369,How can I assess my risk for flu?,Risk assessment for flu involves evaluating multiple factors. A healthcare provider can help determine your personal risk level and recommend appropriate preventive measures.,ass risk flu,risk assessment flu involves evaluating multiple factor healthcare provider help determine personal risk level recommend appropriate preventive measure,ass risk flu risk assessment flu involves evaluating multiple factor healthcare provider help determine personal risk level recommend appropriate preventive measure,"{'diseases': ['flu'], 'symptoms': [], 'treatments': [], 'prevention': [], 'patient_types': [], 'food_recommendations': []}",RiskAssessment,Synthetic,,164,21,1,2025-07-19T20:32:57.135022
371,Who is most likely to develop common cold?,Certain populations may have higher risk for common cold based on various factors. Individual risk varies significantly and should be evaluated by medical professionals.,likely develop common cold,certain population higher risk common cold based various factor individual risk varies significantly evaluated medical professional,likely develop common cold certain population higher risk common cold based various factor individual risk varies significantly evaluated medical professional,"{'diseases': ['common cold'], 'symptoms': [], 'treatments': [], 'prevention': [], 'patient_types': [], 'food_recommendations': []}",RiskAssessment,Synthetic,,158,20,1,2025-07-19T20:32:57.136079
373,Who is most likely to develop hypertension?,Certain populations may have higher risk for hypertension based on various factors. Individual risk varies significantly and should be evaluated by medical professionals.,likely develop hypertension,certain population higher risk hypertension based various factor individual risk varies significantly evaluated medical professional,likely develop hypertension certain population higher risk hypertension based various factor individual risk varies significantly evaluated medical professional,"{'diseases': ['hypertension'], 'symptoms': [], 'treatments': [], 'prevention': [], 'patient_types': [], 'food_recommendations': []}",RiskAssessment,Synthetic,,160,18,1,2025-07-19T20:32:57.137134
374,Am I at risk for anxiety?,"Risk factors for anxiety include various personal, genetic, and environmental factors. Your individual risk assessment should be discussed with a healthcare provider who can evaluate your specific situation.",risk anxiety,risk factor anxiety include various personal genetic environmental factor individual risk assessment discussed healthcare provider evaluate specific situation,risk anxiety risk factor anxiety include various personal genetic environmental factor individual risk assessment discussed healthcare provider evaluate specific situation,"{'diseases': ['anxiety'], 'symptoms': [], 'treatments': [], 'prevention': [], 'patient_types': [], 'food_recommendations': ['iron']}",RiskAssessment,Synthetic,,171,20,2,2025-07-19T20:32:57.137693
375,How can I assess my risk for allergies?,Risk assessment for allergies involves evaluating multiple factors. A healthcare provider can help determine your personal risk level and recommend appropriate preventive measures.,ass risk allergy,risk assessment allergy involves evaluating multiple factor healthcare provider help determine personal risk level recommend appropriate preventive measure,ass risk allergy risk assessment allergy involves evaluating multiple factor healthcare provider help determine personal risk level recommend appropriate preventive measure,"{'diseases': [], 'symptoms': [], 'treatments': [], 'prevention': [], 'patient_types': [], 'food_recommendations': []}",RiskAssessment,Synthetic,,172,21,0,2025-07-19T20:32:57.138421
376,Who is most likely to develop stroke?,Certain populations may have higher risk for stroke based on various factors. Individual risk varies significantly and should be evaluated by medical professionals.,likely develop stroke,certain population higher risk stroke based various factor individual risk varies significantly evaluated medical professional,likely develop stroke certain population higher risk stroke based various factor individual risk varies significantly evaluated medical professional,"{'diseases': ['stroke'], 'symptoms': [], 'treatments': [], 'prevention': [], 'patient_types': [], 'food_recommendations': []}",RiskAssessment,Synthetic,,148,18,1,2025-07-19T20:32:57.138936
377,Who is most likely to develop cancer?,Certain populations may have higher risk for cancer based on various factors. Individual risk varies significantly and should be evaluated by medical professionals.,likely develop cancer,certain population higher risk cancer based various factor individual risk varies significantly evaluated medical professional,likely develop cancer certain population higher risk cancer based various factor individual risk varies significantly evaluated medical professional,"{'diseases': ['cancer'], 'symptoms': [], 'treatments': [], 'prevention': [], 'patient_types': [], 'food_recommendations': []}",RiskAssessment,Synthetic,,148,18,1,2025-07-19T20:32:57.139399
378,Who is most likely to develop migraine?,Certain populations may have higher risk for migraine based on various factors. Individual risk varies significantly and should be evaluated by medical professionals.,likely develop migraine,certain population higher risk migraine based various factor individual risk varies significantly evaluated medical professional,likely develop migraine certain population higher risk migraine based various factor individual risk varies significantly evaluated medical professional,"{'diseases': ['migraine'], 'symptoms': [], 'treatments': [], 'prevention': [], 'patient_types': [], 'food_recommendations': []}",RiskAssessment,Synthetic,,152,18,1,2025-07-19T20:32:57.139913
379,Who is most likely to develop coronavirus?,Certain populations may have higher risk for coronavirus based on various factors. Individual risk varies significantly and should be evaluated by medical professionals.,likely develop,certain population higher risk based various factor individual risk varies significantly evaluated medical professional,likely develop certain population higher risk based various factor individual risk varies significantly evaluated medical professional,"{'diseases': [], 'symptoms': [], 'treatments': [], 'prevention': [], 'patient_types': [], 'food_recommendations': []}",RiskAssessment,Synthetic,,134,16,0,2025-07-19T20:32:57.140378
380,How can I assess my risk for stroke?,Risk assessment for stroke involves evaluating multiple factors. A healthcare provider can help determine your personal risk level and recommend appropriate preventive measures.,ass risk stroke,risk assessment stroke involves evaluating multiple factor healthcare provider help determine personal risk level recommend appropriate preventive measure,ass risk stroke risk assessment stroke involves evaluating multiple factor healthcare provider help determine personal risk level recommend appropriate preventive measure,"{'diseases': ['stroke'], 'symptoms': [], 'treatments': [], 'prevention': [], 'patient_types': [], 'food_recommendations': []}",RiskAssessment,Synthetic,,170,21,1,2025-07-19T20:32:57.141098
381,What increases the risk of covid19?,"Several factors can increase the risk of developing covid19. Age, lifestyle choices, family history, and existing medical conditions all play important roles in risk assessment.",increase risk,several factor increase risk developing age lifestyle choice family history existing medical condition play important role risk assessment,increase risk several factor increase risk developing age lifestyle choice family history existing medical condition play important role risk assessment,"{'diseases': [], 'symptoms': [], 'treatments': [], 'prevention': [], 'patient_types': [], 'food_recommendations': []}",RiskAssessment,Synthetic,,152,20,0,2025-07-19T20:32:57.141633
382,Am I at risk for liver disease?,"Risk factors for liver disease include various personal, genetic, and environmental factors. Your individual risk assessment should be discussed with a healthcare provider who can evaluate your specific situation.",risk liver disease,risk factor liver disease include various personal genetic environmental factor individual risk assessment discussed healthcare provider evaluate specific situation,risk liver disease risk factor liver disease include various personal genetic environmental factor individual risk assessment discussed healthcare provider evaluate specific situation,"{'diseases': ['liver disease'], 'symptoms': [], 'treatments': [], 'prevention': [], 'patient_types': [], 'food_recommendations': ['iron']}",RiskAssessment,Synthetic,,183,22,2,2025-07-19T20:32:57.142288
383,Am I at risk for depression?,"Risk factors for depression include various personal, genetic, and environmental factors. Your individual risk assessment should be discussed with a healthcare provider who can evaluate your specific situation.",risk depression,risk factor depression include various personal genetic environmental factor individual risk assessment discussed healthcare provider evaluate specific situation,risk depression risk factor depression include various personal genetic environmental factor individual risk assessment discussed healthcare provider evaluate specific situation,"{'diseases': ['depression'], 'symptoms': [], 'treatments': [], 'prevention': [], 'patient_types': [], 'food_recommendations': ['iron']}",RiskAssessment,Synthetic,,177,20,2,2025-07-19T20:32:57.142931
384,Who is most likely to develop diabetes?,Certain populations may have higher risk for diabetes based on various factors. Individual risk varies significantly and should be evaluated by medical professionals.,likely develop diabetes,certain population higher risk diabetes based various factor individual risk varies significantly evaluated medical professional,likely develop diabetes certain population higher risk diabetes based various factor individual risk varies significantly evaluated medical professional,"{'diseases': ['diabetes'], 'symptoms': [], 'treatments': [], 'prevention': [], 'patient_types': [], 'food_recommendations': []}",RiskAssessment,Synthetic,,152,18,1,2025-07-19T20:32:57.143465
385,What increases the risk of bronchitis?,"Several factors can increase the risk of developing bronchitis. Age, lifestyle choices, family history, and existing medical conditions all play important roles in risk assessment.",increase risk bronchitis,several factor increase risk developing bronchitis age lifestyle choice family history existing medical condition play important role risk assessment,increase risk bronchitis several factor increase risk developing bronchitis age lifestyle choice family history existing medical condition play important role risk assessment,"{'diseases': ['bronchitis'], 'symptoms': [], 'treatments': [], 'prevention': [], 'patient_types': [], 'food_recommendations': []}",RiskAssessment,Synthetic,,174,22,1,2025-07-19T20:32:57.144053
386,What increases the risk of influenza?,"Several factors can increase the risk of developing influenza. Age, lifestyle choices, family history, and existing medical conditions all play important roles in risk assessment.",increase risk influenza,several factor increase risk developing influenza age lifestyle choice family history existing medical condition play important role risk assessment,increase risk influenza several factor increase risk developing influenza age lifestyle choice family history existing medical condition play important role risk assessment,"{'diseases': ['flu', 'influenza'], 'symptoms': [], 'treatments': [], 'prevention': [], 'patient_types': [], 'food_recommendations': []}",RiskAssessment,Synthetic,,172,22,2,2025-07-19T20:32:57.144638
387,What increases the risk of malaria?,"Several factors can increase the risk of developing malaria. Age, lifestyle choices, family history, and existing medical conditions all play important roles in risk assessment.",increase risk malaria,several factor increase risk developing malaria age lifestyle choice family history existing medical condition play important role risk assessment,increase risk malaria several factor increase risk developing malaria age lifestyle choice family history existing medical condition play important role risk assessment,"{'diseases': ['malaria'], 'symptoms': [], 'treatments': [], 'prevention': [], 'patient_types': [], 'food_recommendations': []}",RiskAssessment,Synthetic,,168,22,1,2025-07-19T20:32:57.145222
388,What increases the risk of liver disease?,"Several factors can increase the risk of developing liver disease. Age, lifestyle choices, family history, and existing medical conditions all play important roles in risk assessment.",increase risk liver disease,several factor increase risk developing liver disease age lifestyle choice family history existing medical condition play important role risk assessment,increase risk liver disease several factor increase risk developing liver disease age lifestyle choice family history existing medical condition play important role risk assessment,"{'diseases': ['liver disease'], 'symptoms': [], 'treatments': [], 'prevention': [], 'patient_types': [], 'food_recommendations': []}",RiskAssessment,Synthetic,,180,24,1,2025-07-19T20:32:57.145871
389,Am I at risk for depression?,"Risk factors for depression include various personal, genetic, and environmental factors. Your individual risk assessment should be discussed with a healthcare provider who can evaluate your specific situation.",risk depression,risk factor depression include various personal genetic environmental factor individual risk assessment discussed healthcare provider evaluate specific situation,risk depression risk factor depression include various personal genetic environmental factor individual risk assessment discussed healthcare provider evaluate specific situation,"{'diseases': ['depression'], 'symptoms': [], 'treatments': [], 'prevention': [], 'patient_types': [], 'food_recommendations': ['iron']}",RiskAssessment,Synthetic,,177,20,2,2025-07-19T20:32:57.146440
390,Am I at risk for malaria?,"Risk factors for malaria include various personal, genetic, and environmental factors. Your individual risk assessment should be discussed with a healthcare provider who can evaluate your specific situation.",risk malaria,risk factor malaria include various personal genetic environmental factor individual risk assessment discussed healthcare provider evaluate specific situation,risk malaria risk factor malaria include various personal genetic environmental factor individual risk assessment discussed healthcare provider evaluate specific situation,"{'diseases': ['malaria'], 'symptoms': [], 'treatments': [], 'prevention': [], 'patient_types': [], 'food_recommendations': ['iron']}",RiskAssessment,Synthetic,,171,20,2,2025-07-19T20:32:57.147002
391,How can I assess my risk for osteoporosis?,Risk assessment for osteoporosis involves evaluating multiple factors. A healthcare provider can help determine your personal risk level and recommend appropriate preventive measures.,ass risk osteoporosis,risk assessment osteoporosis involves evaluating multiple factor healthcare provider help determine personal risk level recommend appropriate preventive measure,ass risk osteoporosis risk assessment osteoporosis involves evaluating multiple factor healthcare provider help determine personal risk level recommend appropriate preventive measure,"{'diseases': ['osteoporosis'], 'symptoms': [], 'treatments': [], 'prevention': [], 'patient_types': [], 'food_recommendations': []}",RiskAssessment,Synthetic,,182,21,1,2025-07-19T20:32:57.147729
392,What increases the risk of migraine?,"Several factors can increase the risk of developing migraine. Age, lifestyle choices, family history, and existing medical conditions all play important roles in risk assessment.",increase risk migraine,several factor increase risk developing migraine age lifestyle choice family history existing medical condition play important role risk assessment,increase risk migraine several factor increase risk developing migraine age lifestyle choice family history existing medical condition play important role risk assessment,"{'diseases': ['migraine'], 'symptoms': [], 'treatments': [], 'prevention': [], 'patient_types': [], 'food_recommendations': []}",RiskAssessment,Synthetic,,170,22,1,2025-07-19T20:32:57.148321
393,Am I at risk for tuberculosis?,"Risk factors for tuberculosis include various personal, genetic, and environmental factors. Your individual risk assessment should be discussed with a healthcare provider who can evaluate your specific situation.",risk tuberculosis,risk factor tuberculosis include various personal genetic environmental factor individual risk assessment discussed healthcare provider evaluate specific situation,risk tuberculosis risk factor tuberculosis include various personal genetic environmental factor individual risk assessment discussed healthcare provider evaluate specific situation,"{'diseases': ['tuberculosis'], 'symptoms': [], 'treatments': [], 'prevention': [], 'patient_types': [], 'food_recommendations': ['iron']}",RiskAssessment,Synthetic,,181,20,2,2025-07-19T20:32:57.148889
394,How can I assess my risk for hepatitis?,Risk assessment for hepatitis involves evaluating multiple factors. A healthcare provider can help determine your personal risk level and recommend appropriate preventive measures.,ass risk hepatitis,risk assessment hepatitis involves evaluating multiple factor healthcare provider help determine personal risk level recommend appropriate preventive measure,ass risk hepatitis risk assessment hepatitis involves evaluating multiple factor healthcare provider help determine personal risk level recommend appropriate preventive measure,"{'diseases': ['hepatitis'], 'symptoms': [], 'treatments': [], 'prevention': [], 'patient_types': [], 'food_recommendations': []}",RiskAssessment,Synthetic,,176,21,1,2025-07-19T20:32:57.149607
395,Who is most likely to develop cancer?,Certain populations may have higher risk for cancer based on various factors. Individual risk varies significantly and should be evaluated by medical professionals.,likely develop cancer,certain population higher risk cancer based various factor individual risk varies significantly evaluated medical professional,likely develop cancer certain population higher risk cancer based various factor individual risk varies significantly evaluated medical professional,"{'diseases': ['cancer'], 'symptoms': [], 'treatments': [], 'prevention': [], 'patient_types': [], 'food_recommendations': []}",RiskAssessment,Synthetic,,148,18,1,2025-07-19T20:32:57.150074
396,What increases the risk of coronavirus?,"Several factors can increase the risk of developing coronavirus. Age, lifestyle choices, family history, and existing medical conditions all play important roles in risk assessment.",increase risk,several factor increase risk developing age lifestyle choice family history existing medical condition play important role risk assessment,increase risk several factor increase risk developing age lifestyle choice family history existing medical condition play important role risk assessment,"{'diseases': [], 'symptoms': [], 'treatments': [], 'prevention': [], 'patient_types': [], 'food_recommendations': []}",RiskAssessment,Synthetic,,152,20,0,2025-07-19T20:32:57.150609
397,What increases the risk of diabetes?,"Several factors can increase the risk of developing diabetes. Age, lifestyle choices, family history, and existing medical conditions all play important roles in risk assessment.",increase risk diabetes,several factor increase risk developing diabetes age lifestyle choice family history existing medical condition play important role risk assessment,increase risk diabetes several factor increase risk developing diabetes age lifestyle choice family history existing medical condition play important role risk assessment,"{'diseases': ['diabetes'], 'symptoms': [], 'treatments': [], 'prevention': [], 'patient_types': [], 'food_recommendations': []}",RiskAssessment,Synthetic,,170,22,1,2025-07-19T20:32:57.151204
398,How can I assess my risk for heart disease?,Risk assessment for heart disease involves evaluating multiple factors. A healthcare provider can help determine your personal risk level and recommend appropriate preventive measures.,ass risk heart disease,risk assessment heart disease involves evaluating multiple factor healthcare provider help determine personal risk level recommend appropriate preventive measure,ass risk heart disease risk assessment heart disease involves evaluating multiple factor healthcare provider help determine personal risk level recommend appropriate preventive measure,"{'diseases': ['heart disease'], 'symptoms': [], 'treatments': [], 'prevention': [], 'patient_types': [], 'food_recommendations': []}",RiskAssessment,Synthetic,,184,23,1,2025-07-19T20:32:57.151940
399,Who is most likely to develop heart disease?,Certain populations may have higher risk for heart disease based on various factors. Individual risk varies significantly and should be evaluated by medical professionals.,likely develop heart disease,certain population higher risk heart disease based various factor individual risk varies significantly evaluated medical professional,likely develop heart disease certain population higher risk heart disease based various factor individual risk varies significantly evaluated medical professional,"{'diseases': ['heart disease'], 'symptoms': [], 'treatments': [], 'prevention': [], 'patient_types': [], 'food_recommendations': []}",RiskAssessment,Synthetic,,162,20,1,2025-07-19T20:32:57.152513
400,What foods are good for osteoporosis?,"For osteoporosis management, foods such as calcium may be beneficial. Nutritional needs vary by individual, so it's important to consult with a healthcare provider or registered dietitian.",food good osteoporosis,osteoporosis management food calcium beneficial nutritional need vary individual important consult healthcare provider registered dietitian,food good osteoporosis osteoporosis management food calcium beneficial nutritional need vary individual important consult healthcare provider registered dietitian,"{'diseases': ['osteoporosis'], 'symptoms': [], 'treatments': [], 'prevention': [], 'patient_types': [], 'food_recommendations': ['calcium']}",FoodAdvice,Synthetic,,162,18,2,2025-07-19T20:32:57.153264
402,What nutrition advice do you have for migraine?,Nutritional support for migraine often includes low sodium. A balanced approach to nutrition can support overall health and disease management.,nutrition advice migraine,nutritional support migraine often includes low sodium balanced approach nutrition support overall health disease management,nutrition advice migraine nutritional support migraine often includes low sodium balanced approach nutrition support overall health disease management,"{'diseases': ['migraine'], 'symptoms': [], 'treatments': [], 'prevention': [], 'patient_types': [], 'food_recommendations': ['low sodium']}",FoodAdvice,Synthetic,,150,18,2,2025-07-19T20:32:57.154526
403,What should I eat if I have pandemic?,"People with pandemic may benefit from including avoid dairy in their diet. Dietary recommendations should be tailored to individual needs, preferences, and medical conditions.",eat pandemic,people pandemic benefit including avoid dairy diet dietary recommendation tailored individual need preference medical condition,eat pandemic people pandemic benefit including avoid dairy diet dietary recommendation tailored individual need preference medical condition,"{'diseases': ['pandemic'], 'symptoms': [], 'treatments': [], 'prevention': [], 'patient_types': [], 'food_recommendations': ['avoid dairy']}",FoodAdvice,Synthetic,,140,17,2,2025-07-19T20:32:57.155142
404,What foods are good for influenza?,"For influenza management, foods such as fruits may be beneficial. Nutritional needs vary by individual, so it's important to consult with a healthcare provider or registered dietitian.",food good influenza,influenza management food fruit beneficial nutritional need vary individual important consult healthcare provider registered dietitian,food good influenza influenza management food fruit beneficial nutritional need vary individual important consult healthcare provider registered dietitian,"{'diseases': ['flu', 'influenza'], 'symptoms': [], 'treatments': [], 'prevention': [], 'patient_types': [], 'food_recommendations': []}",FoodAdvice,Synthetic,,154,18,2,2025-07-19T20:32:57.155783
405,What foods are good for flu?,"For flu management, foods such as lean protein may be beneficial. Nutritional needs vary by individual, so it's important to consult with a healthcare provider or registered dietitian.",food good flu,flu management food lean protein beneficial nutritional need vary individual important consult healthcare provider registered dietitian,food good flu flu management food lean protein beneficial nutritional need vary individual important consult healthcare provider registered dietitian,"{'diseases': ['flu'], 'symptoms': [], 'treatments': [], 'prevention': [], 'patient_types': [], 'food_recommendations': ['lean protein']}",FoodAdvice,Synthetic,,149,19,2,2025-07-19T20:32:57.156445
406,What should I eat if I have dengue?,"People with dengue may benefit from including antioxidants in their diet. Dietary recommendations should be tailored to individual needs, preferences, and medical conditions.",eat dengue,people dengue benefit including antioxidant diet dietary recommendation tailored individual need preference medical condition,eat dengue people dengue benefit including antioxidant diet dietary recommendation tailored individual need preference medical condition,"{'diseases': ['dengue'], 'symptoms': [], 'treatments': [], 'prevention': [], 'patient_types': [], 'food_recommendations': []}",FoodAdvice,Synthetic,,136,16,1,2025-07-19T20:32:57.156969
407,What nutrition advice do you have for sars-cov-2?,Nutritional support for sars-cov-2 often includes vitamin c. A balanced approach to nutrition can support overall health and disease management.,nutrition advice,nutritional support often includes vitamin balanced approach nutrition support overall health disease management,nutrition advice nutritional support often includes vitamin balanced approach nutrition support overall health disease management,"{'diseases': [], 'symptoms': [], 'treatments': [], 'prevention': [], 'patient_types': [], 'food_recommendations': []}",FoodAdvice,Synthetic,,129,15,0,2025-07-19T20:32:57.157482
408,What nutrition advice do you have for common cold?,Nutritional support for common cold often includes iron. A balanced approach to nutrition can support overall health and disease management.,nutrition advice common cold,nutritional support common cold often includes iron balanced approach nutrition support overall health disease management,nutrition advice common cold nutritional support common cold often includes iron balanced approach nutrition support overall health disease management,"{'diseases': ['common cold'], 'symptoms': [], 'treatments': [], 'prevention': [], 'patient_types': [], 'food_recommendations': ['iron']}",FoodAdvice,Synthetic,,150,19,2,2025-07-19T20:32:57.158069
409,What nutrition advice do you have for diabetes?,Nutritional support for diabetes often includes whole grains. A balanced approach to nutrition can support overall health and disease management.,nutrition advice diabetes,nutritional support diabetes often includes whole grain balanced approach nutrition support overall health disease management,nutrition advice diabetes nutritional support diabetes often includes whole grain balanced approach nutrition support overall health disease management,"{'diseases': ['diabetes'], 'symptoms': [], 'treatments': [], 'prevention': [], 'patient_types': [], 'food_recommendations': []}",FoodAdvice,Synthetic,,151,18,1,2025-07-19T20:32:57.158679
410,What nutrition advice do you have for coronavirus?,Nutritional support for coronavirus often includes antioxidants. A balanced approach to nutrition can support overall health and disease management.,nutrition advice,nutritional support often includes antioxidant balanced approach nutrition support overall health disease management,nutrition advice nutritional support often includes antioxidant balanced approach nutrition support overall health disease management,"{'diseases': [], 'symptoms': [], 'treatments': [], 'prevention': [], 'patient_types': [], 'food_recommendations': []}",FoodAdvice,Synthetic,,133,15,0,2025-07-19T20:32:57.159179
411,What nutrition advice do you have for cancer?,Nutritional support for cancer often includes vegetables. A balanced approach to nutrition can support overall health and disease management.,nutrition advice cancer,nutritional support cancer often includes vegetable balanced approach nutrition support overall health disease management,nutrition advice cancer nutritional support cancer often includes vegetable balanced approach nutrition support overall health disease management,"{'diseases': ['cancer'], 'symptoms': [], 'treatments': [], 'prevention': [], 'patient_types': [], 'food_recommendations': []}",FoodAdvice,Synthetic,,145,17,1,2025-07-19T20:32:57.159703
413,Are there dietary restrictions for diabetes?,Managing diabetes may involve dietary considerations including iron. Always discuss dietary changes with your healthcare team before making significant modifications.,dietary restriction diabetes,managing diabetes involve dietary consideration including iron always discus dietary change healthcare team making significant modification,dietary restriction diabetes managing diabetes involve dietary consideration including iron always discus dietary change healthcare team making significant modification,"{'diseases': ['diabetes'], 'symptoms': [], 'treatments': ['rest'], 'prevention': [], 'patient_types': [], 'food_recommendations': ['iron']}",FoodAdvice,Synthetic,,168,19,3,2025-07-19T20:32:57.160873
414,What nutrition advice do you have for diabetes?,Nutritional support for diabetes often includes nuts. A balanced approach to nutrition can support overall health and disease management.,nutrition advice diabetes,nutritional support diabetes often includes nut balanced approach nutrition support overall health disease management,nutrition advice diabetes nutritional support diabetes often includes nut balanced approach nutrition support overall health disease management,"{'diseases': ['diabetes'], 'symptoms': [], 'treatments': [], 'prevention': [], 'patient_types': [], 'food_recommendations': []}",FoodAdvice,Synthetic,,143,17,1,2025-07-19T20:32:57.161425
416,Are there dietary restrictions for influenza?,Managing influenza may involve dietary considerations including vitamin c. Always discuss dietary changes with your healthcare team before making significant modifications.,dietary restriction influenza,managing influenza involve dietary consideration including vitamin always discus dietary change healthcare team making significant modification,dietary restriction influenza managing influenza involve dietary consideration including vitamin always discus dietary change healthcare team making significant modification,"{'diseases': ['flu', 'influenza'], 'symptoms': [], 'treatments': ['rest'], 'prevention': [], 'patient_types': [], 'food_recommendations': []}",FoodAdvice,Synthetic,,173,19,3,2025-07-19T20:32:57.162615
417,What should I eat if I have diabetes?,"People with diabetes may benefit from including protein rich in their diet. Dietary recommendations should be tailored to individual needs, preferences, and medical conditions.",eat diabetes,people diabetes benefit including protein rich diet dietary recommendation tailored individual need preference medical condition,eat diabetes people diabetes benefit including protein rich diet dietary recommendation tailored individual need preference medical condition,"{'diseases': ['diabetes'], 'symptoms': [], 'treatments': [], 'prevention': [], 'patient_types': [], 'food_recommendations': ['protein rich']}",FoodAdvice,Synthetic,,141,17,2,2025-07-19T20:32:57.163169
418,What foods are good for arthritis?,"For arthritis management, foods such as whole grains may be beneficial. Nutritional needs vary by individual, so it's important to consult with a healthcare provider or registered dietitian.",food good arthritis,arthritis management food whole grain beneficial nutritional need vary individual important consult healthcare provider registered dietitian,food good arthritis arthritis management food whole grain beneficial nutritional need vary individual important consult healthcare provider registered dietitian,"{'diseases': ['arthritis'], 'symptoms': [], 'treatments': [], 'prevention': [], 'patient_types': [], 'food_recommendations': []}",FoodAdvice,Synthetic,,160,19,1,2025-07-19T20:32:57.163850
420,What nutrition advice do you have for influenza?,Nutritional support for influenza often includes protein rich. A balanced approach to nutrition can support overall health and disease management.,nutrition advice influenza,nutritional support influenza often includes protein rich balanced approach nutrition support overall health disease management,nutrition advice influenza nutritional support influenza often includes protein rich balanced approach nutrition support overall health disease management,"{'diseases': ['flu', 'influenza'], 'symptoms': [], 'treatments': [], 'prevention': [], 'patient_types': [], 'food_recommendations': ['protein rich']}",FoodAdvice,Synthetic,,154,18,3,2025-07-19T20:32:57.164879
422,What foods are good for migraine?,"For migraine management, foods such as fruits may be beneficial. Nutritional needs vary by individual, so it's important to consult with a healthcare provider or registered dietitian.",food good migraine,migraine management food fruit beneficial nutritional need vary individual important consult healthcare provider registered dietitian,food good migraine migraine management food fruit beneficial nutritional need vary individual important consult healthcare provider registered dietitian,"{'diseases': ['migraine'], 'symptoms': [], 'treatments': [], 'prevention': [], 'patient_types': [], 'food_recommendations': []}",FoodAdvice,Synthetic,,152,18,1,2025-07-19T20:32:57.166107
423,What foods are good for heart disease?,"For heart disease management, foods such as iron may be beneficial. Nutritional needs vary by individual, so it's important to consult with a healthcare provider or registered dietitian.",food good heart disease,heart disease management food iron beneficial nutritional need vary individual important consult healthcare provider registered dietitian,food good heart disease heart disease management food iron beneficial nutritional need vary individual important consult healthcare provider registered dietitian,"{'diseases': ['heart disease'], 'symptoms': [], 'treatments': [], 'prevention': [], 'patient_types': [], 'food_recommendations': ['iron']}",FoodAdvice,Synthetic,,161,20,2,2025-07-19T20:32:57.166761
424,What foods are good for bronchitis?,"For bronchitis management, foods such as protein rich may be beneficial. Nutritional needs vary by individual, so it's important to consult with a healthcare provider or registered dietitian.",food good bronchitis,bronchitis management food protein rich beneficial nutritional need vary individual important consult healthcare provider registered dietitian,food good bronchitis bronchitis management food protein rich beneficial nutritional need vary individual important consult healthcare provider registered dietitian,"{'diseases': ['bronchitis'], 'symptoms': [], 'treatments': [], 'prevention': [], 'patient_types': [], 'food_recommendations': ['protein rich']}",FoodAdvice,Synthetic,,163,19,2,2025-07-19T20:32:57.167417
425,Are there dietary restrictions for malaria?,Managing malaria may involve dietary considerations including hydration. Always discuss dietary changes with your healthcare team before making significant modifications.,dietary restriction malaria,managing malaria involve dietary consideration including hydration always discus dietary change healthcare team making significant modification,dietary restriction malaria managing malaria involve dietary consideration including hydration always discus dietary change healthcare team making significant modification,"{'diseases': ['malaria'], 'symptoms': [], 'treatments': ['rest'], 'prevention': [], 'patient_types': [], 'food_recommendations': ['hydration']}",FoodAdvice,Synthetic,,171,19,3,2025-07-19T20:32:57.168027
427,What should I eat if I have bronchitis?,"People with bronchitis may benefit from including seeds in their diet. Dietary recommendations should be tailored to individual needs, preferences, and medical conditions.",eat bronchitis,people bronchitis benefit including seed diet dietary recommendation tailored individual need preference medical condition,eat bronchitis people bronchitis benefit including seed diet dietary recommendation tailored individual need preference medical condition,"{'diseases': ['bronchitis'], 'symptoms': [], 'treatments': [], 'prevention': [], 'patient_types': [], 'food_recommendations': []}",FoodAdvice,Synthetic,,137,16,1,2025-07-19T20:32:57.169014
428,What foods are good for anxiety?,"For anxiety management, foods such as hydration may be beneficial. Nutritional needs vary by individual, so it's important to consult with a healthcare provider or registered dietitian.",food good anxiety,anxiety management food hydration beneficial nutritional need vary individual important consult healthcare provider registered dietitian,food good anxiety anxiety management food hydration beneficial nutritional need vary individual important consult healthcare provider registered dietitian,"{'diseases': ['anxiety'], 'symptoms': [], 'treatments': [], 'prevention': [], 'patient_types': [], 'food_recommendations': ['hydration']}",FoodAdvice,Synthetic,,154,18,2,2025-07-19T20:32:57.169652
429,Are there dietary restrictions for influenza?,Managing influenza may involve dietary considerations including low sodium. Always discuss dietary changes with your healthcare team before making significant modifications.,dietary restriction influenza,managing influenza involve dietary consideration including low sodium always discus dietary change healthcare team making significant modification,dietary restriction influenza managing influenza involve dietary consideration including low sodium always discus dietary change healthcare team making significant modification,"{'diseases': ['flu', 'influenza'], 'symptoms': [], 'treatments': ['rest'], 'prevention': [], 'patient_types': [], 'food_recommendations': ['low sodium']}",FoodAdvice,Synthetic,,176,20,4,2025-07-19T20:32:57.170287
430,What should I eat if I have hepatitis?,"People with hepatitis may benefit from including zinc in their diet. Dietary recommendations should be tailored to individual needs, preferences, and medical conditions.",eat hepatitis,people hepatitis benefit including zinc diet dietary recommendation tailored individual need preference medical condition,eat hepatitis people hepatitis benefit including zinc diet dietary recommendation tailored individual need preference medical condition,"{'diseases': ['hepatitis'], 'symptoms': [], 'treatments': [], 'prevention': [], 'patient_types': [], 'food_recommendations': ['zinc']}",FoodAdvice,Synthetic,,135,16,2,2025-07-19T20:32:57.170808
431,What foods are good for bronchitis?,"For bronchitis management, foods such as whole grains may be beneficial. Nutritional needs vary by individual, so it's important to consult with a healthcare provider or registered dietitian.",food good bronchitis,bronchitis management food whole grain beneficial nutritional need vary individual important consult healthcare provider registered dietitian,food good bronchitis bronchitis management food whole grain beneficial nutritional need vary individual important consult healthcare provider registered dietitian,"{'diseases': ['bronchitis'], 'symptoms': [], 'treatments': [], 'prevention': [], 'patient_types': [], 'food_recommendations': []}",FoodAdvice,Synthetic,,162,19,1,2025-07-19T20:32:57.171467
432,What should I eat if I have liver disease?,"People with liver disease may benefit from including omega-3 in their diet. Dietary recommendations should be tailored to individual needs, preferences, and medical conditions.",eat liver disease,people liver disease benefit including omega diet dietary recommendation tailored individual need preference medical condition,eat liver disease people liver disease benefit including omega diet dietary recommendation tailored individual need preference medical condition,"{'diseases': ['liver disease'], 'symptoms': [], 'treatments': [], 'prevention': [], 'patient_types': [], 'food_recommendations': []}",FoodAdvice,Synthetic,,144,18,1,2025-07-19T20:32:57.172056
433,What nutrition advice do you have for sars-cov-2?,Nutritional support for sars-cov-2 often includes probiotics. A balanced approach to nutrition can support overall health and disease management.,nutrition advice,nutritional support often includes probiotic balanced approach nutrition support overall health disease management,nutrition advice nutritional support often includes probiotic balanced approach nutrition support overall health disease management,"{'diseases': [], 'symptoms': [], 'treatments': [], 'prevention': [], 'patient_types': [], 'food_recommendations': []}",FoodAdvice,Synthetic,,131,15,0,2025-07-19T20:32:57.172558
434,What foods are good for stroke?,"For stroke management, foods such as lean protein may be beneficial. Nutritional needs vary by individual, so it's important to consult with a healthcare provider or registered dietitian.",food good stroke,stroke management food lean protein beneficial nutritional need vary individual important consult healthcare provider registered dietitian,food good stroke stroke management food lean protein beneficial nutritional need vary individual important consult healthcare provider registered dietitian,"{'diseases': ['stroke'], 'symptoms': [], 'treatments': [], 'prevention': [], 'patient_types': [], 'food_recommendations': ['lean protein']}",FoodAdvice,Synthetic,,155,19,2,2025-07-19T20:32:57.173232
435,What nutrition advice do you have for anxiety?,Nutritional support for anxiety often includes fiber rich. A balanced approach to nutrition can support overall health and disease management.,nutrition advice anxiety,nutritional support anxiety often includes fiber rich balanced approach nutrition support overall health disease management,nutrition advice anxiety nutritional support anxiety often includes fiber rich balanced approach nutrition support overall health disease management,"{'diseases': ['anxiety'], 'symptoms': [], 'treatments': [], 'prevention': [], 'patient_types': [], 'food_recommendations': ['fiber rich']}",FoodAdvice,Synthetic,,148,18,2,2025-07-19T20:32:57.173812
436,What nutrition advice do you have for bronchitis?,Nutritional support for bronchitis often includes fiber rich. A balanced approach to nutrition can support overall health and disease management.,nutrition advice bronchitis,nutritional support bronchitis often includes fiber rich balanced approach nutrition support overall health disease management,nutrition advice bronchitis nutritional support bronchitis often includes fiber rich balanced approach nutrition support overall health disease management,"{'diseases': ['bronchitis'], 'symptoms': [], 'treatments': [], 'prevention': [], 'patient_types': [], 'food_recommendations': ['fiber rich']}",FoodAdvice,Synthetic,,154,18,2,2025-07-19T20:32:57.174385
437,Are there dietary restrictions for flu?,Managing flu may involve dietary considerations including lean protein. Always discuss dietary changes with your healthcare team before making significant modifications.,dietary restriction flu,managing flu involve dietary consideration including lean protein always discus dietary change healthcare team making significant modification,dietary restriction flu managing flu involve dietary consideration including lean protein always discus dietary change healthcare team making significant modification,"{'diseases': ['flu'], 'symptoms': [], 'treatments': ['rest'], 'prevention': [], 'patient_types': [], 'food_recommendations': ['lean protein']}",FoodAdvice,Synthetic,,166,20,3,2025-07-19T20:32:57.175018
438,Are there dietary restrictions for hypertension?,Managing hypertension may involve dietary considerations including antioxidants. Always discuss dietary changes with your healthcare team before making significant modifications.,dietary restriction hypertension,managing hypertension involve dietary consideration including antioxidant always discus dietary change healthcare team making significant modification,dietary restriction hypertension managing hypertension involve dietary consideration including antioxidant always discus dietary change healthcare team making significant modification,"{'diseases': ['hypertension'], 'symptoms': [], 'treatments': ['rest'], 'prevention': [], 'patient_types': [], 'food_recommendations': []}",FoodAdvice,Synthetic,,183,19,2,2025-07-19T20:32:57.175635
439,What should I eat if I have osteoporosis?,"People with osteoporosis may benefit from including seeds in their diet. Dietary recommendations should be tailored to individual needs, preferences, and medical conditions.",eat osteoporosis,people osteoporosis benefit including seed diet dietary recommendation tailored individual need preference medical condition,eat osteoporosis people osteoporosis benefit including seed diet dietary recommendation tailored individual need preference medical condition,"{'diseases': ['osteoporosis'], 'symptoms': [], 'treatments': [], 'prevention': [], 'patient_types': [], 'food_recommendations': []}",FoodAdvice,Synthetic,,141,16,1,2025-07-19T20:32:57.176150
441,Are there dietary restrictions for kidney disease?,Managing kidney disease may involve dietary considerations including lean protein. Always discuss dietary changes with your healthcare team before making significant modifications.,dietary restriction kidney disease,managing kidney disease involve dietary consideration including lean protein always discus dietary change healthcare team making significant modification,dietary restriction kidney disease managing kidney disease involve dietary consideration including lean protein always discus dietary change healthcare team making significant modification,"{'diseases': ['kidney disease'], 'symptoms': [], 'treatments': ['rest'], 'prevention': [], 'patient_types': [], 'food_recommendations': ['lean protein']}",FoodAdvice,Synthetic,,188,22,3,2025-07-19T20:32:57.177407
442,What foods are good for malaria?,"For malaria management, foods such as fruits may be beneficial. Nutritional needs vary by individual, so it's important to consult with a healthcare provider or registered dietitian.",food good malaria,malaria management food fruit beneficial nutritional need vary individual important consult healthcare provider registered dietitian,food good malaria malaria management food fruit beneficial nutritional need vary individual important consult healthcare provider registered dietitian,"{'diseases': ['malaria'], 'symptoms': [], 'treatments': [], 'prevention': [], 'patient_types': [], 'food_recommendations': []}",FoodAdvice,Synthetic,,150,18,1,2025-07-19T20:32:57.178041
443,Are there dietary restrictions for covid-19?,Managing covid-19 may involve dietary considerations including nuts. Always discuss dietary changes with your healthcare team before making significant modifications.,dietary restriction,managing involve dietary consideration including nut always discus dietary change healthcare team making significant modification,dietary restriction managing involve dietary consideration including nut always discus dietary change healthcare team making significant modification,"{'diseases': [], 'symptoms': [], 'treatments': ['rest'], 'prevention': [], 'patient_types': [], 'food_recommendations': []}",FoodAdvice,Synthetic,,149,17,1,2025-07-19T20:32:57.178592
444,What nutrition advice do you have for asthma?,Nutritional support for asthma often includes iron. A balanced approach to nutrition can support overall health and disease management.,nutrition advice asthma,nutritional support asthma often includes iron balanced approach nutrition support overall health disease management,nutrition advice asthma nutritional support asthma often includes iron balanced approach nutrition support overall health disease management,"{'diseases': ['asthma'], 'symptoms': [], 'treatments': [], 'prevention': [], 'patient_types': [], 'food_recommendations': ['iron']}",FoodAdvice,Synthetic,,140,17,2,2025-07-19T20:32:57.179138
445,What should I eat if I have bronchitis?,"People with bronchitis may benefit from including iron in their diet. Dietary recommendations should be tailored to individual needs, preferences, and medical conditions.",eat bronchitis,people bronchitis benefit including iron diet dietary recommendation tailored individual need preference medical condition,eat bronchitis people bronchitis benefit including iron diet dietary recommendation tailored individual need preference medical condition,"{'diseases': ['bronchitis'], 'symptoms': [], 'treatments': [], 'prevention': [], 'patient_types': [], 'food_recommendations': ['iron']}",FoodAdvice,Synthetic,,137,16,2,2025-07-19T20:32:57.179652
446,Are there dietary restrictions for tuberculosis?,Managing tuberculosis may involve dietary considerations including hydration. Always discuss dietary changes with your healthcare team before making significant modifications.,dietary restriction tuberculosis,managing tuberculosis involve dietary consideration including hydration always discus dietary change healthcare team making significant modification,dietary restriction tuberculosis managing tuberculosis involve dietary consideration including hydration always discus dietary change healthcare team making significant modification,"{'diseases': ['tuberculosis'], 'symptoms': [], 'treatments': ['rest'], 'prevention': [], 'patient_types': [], 'food_recommendations': ['hydration']}",FoodAdvice,Synthetic,,181,19,3,2025-07-19T20:32:57.180294
447,What foods are good for common cold?,"For common cold management, foods such as zinc may be beneficial. Nutritional needs vary by individual, so it's important to consult with a healthcare provider or registered dietitian.",food good common cold,common cold management food zinc beneficial nutritional need vary individual important consult healthcare provider registered dietitian,food good common cold common cold management food zinc beneficial nutritional need vary individual important consult healthcare provider registered dietitian,"{'diseases': ['common cold'], 'symptoms': [], 'treatments': [], 'prevention': [], 'patient_types': [], 'food_recommendations': ['zinc']}",FoodAdvice,Synthetic,,157,20,2,2025-07-19T20:32:57.180934
448,Are there dietary restrictions for covid-19?,Managing covid-19 may involve dietary considerations including avoid dairy. Always discuss dietary changes with your healthcare team before making significant modifications.,dietary restriction,managing involve dietary consideration including avoid dairy always discus dietary change healthcare team making significant modification,dietary restriction managing involve dietary consideration including avoid dairy always discus dietary change healthcare team making significant modification,"{'diseases': [], 'symptoms': [], 'treatments': ['rest'], 'prevention': [], 'patient_types': [], 'food_recommendations': ['avoid dairy']}",FoodAdvice,Synthetic,,157,18,2,2025-07-19T20:32:57.181513
452,What foods are good for hepatitis?,"For hepatitis management, foods such as nuts may be beneficial. Nutritional needs vary by individual, so it's important to consult with a healthcare provider or registered dietitian.",food good hepatitis,hepatitis management food nut beneficial nutritional need vary individual important consult healthcare provider registered dietitian,food good hepatitis hepatitis management food nut beneficial nutritional need vary individual important consult healthcare provider registered dietitian,"{'diseases': ['hepatitis'], 'symptoms': [], 'treatments': [], 'prevention': [], 'patient_types': [], 'food_recommendations': []}",FoodAdvice,Synthetic,,152,18,1,2025-07-19T20:32:57.183687
453,What nutrition advice do you have for bronchitis?,Nutritional support for bronchitis often includes nuts. A balanced approach to nutrition can support overall health and disease management.,nutrition advice bronchitis,nutritional support bronchitis often includes nut balanced approach nutrition support overall health disease management,nutrition advice bronchitis nutritional support bronchitis often includes nut balanced approach nutrition support overall health disease management,"{'diseases': ['bronchitis'], 'symptoms': [], 'treatments': [], 'prevention': [], 'patient_types': [], 'food_recommendations': []}",FoodAdvice,Synthetic,,147,17,1,2025-07-19T20:32:57.184237
455,Are there dietary restrictions for heart disease?,Managing heart disease may involve dietary considerations including vegetables. Always discuss dietary changes with your healthcare team before making significant modifications.,dietary restriction heart disease,managing heart disease involve dietary consideration including vegetable always discus dietary change healthcare team making significant modification,dietary restriction heart disease managing heart disease involve dietary consideration including vegetable always discus dietary change healthcare team making significant modification,"{'diseases': ['heart disease'], 'symptoms': [], 'treatments': ['rest'], 'prevention': [], 'patient_types': [], 'food_recommendations': []}",FoodAdvice,Synthetic,,183,21,2,2025-07-19T20:32:57.185407
456,What nutrition advice do you have for cancer?,Nutritional support for cancer often includes hydration. A balanced approach to nutrition can support overall health and disease management.,nutrition advice cancer,nutritional support cancer often includes hydration balanced approach nutrition support overall health disease management,nutrition advice cancer nutritional support cancer often includes hydration balanced approach nutrition support overall health disease management,"{'diseases': ['cancer'], 'symptoms': [], 'treatments': [], 'prevention': [], 'patient_types': [], 'food_recommendations': ['hydration']}",FoodAdvice,Synthetic,,145,17,2,2025-07-19T20:32:57.185904
457,Are there dietary restrictions for flu?,Managing flu may involve dietary considerations including antioxidants. Always discuss dietary changes with your healthcare team before making significant modifications.,dietary restriction flu,managing flu involve dietary consideration including antioxidant always discus dietary change healthcare team making significant modification,dietary restriction flu managing flu involve dietary consideration including antioxidant always discus dietary change healthcare team making significant modification,"{'diseases': ['flu'], 'symptoms': [], 'treatments': ['rest'], 'prevention': [], 'patient_types': [], 'food_recommendations': []}",FoodAdvice,Synthetic,,165,19,2,2025-07-19T20:32:57.186508
458,What foods are good for allergies?,"For allergies management, foods such as whole grains may be beneficial. Nutritional needs vary by individual, so it's important to consult with a healthcare provider or registered dietitian.",food good allergy,allergy management food whole grain beneficial nutritional need vary individual important consult healthcare provider registered dietitian,food good allergy allergy management food whole grain beneficial nutritional need vary individual important consult healthcare provider registered dietitian,"{'diseases': [], 'symptoms': [], 'treatments': [], 'prevention': [], 'patient_types': [], 'food_recommendations': []}",FoodAdvice,Synthetic,,156,19,0,2025-07-19T20:32:57.187176
459,Are there dietary restrictions for arthritis?,Managing arthritis may involve dietary considerations including omega-3. Always discuss dietary changes with your healthcare team before making significant modifications.,dietary restriction arthritis,managing arthritis involve dietary consideration including omega always discus dietary change healthcare team making significant modification,dietary restriction arthritis managing arthritis involve dietary consideration including omega always discus dietary change healthcare team making significant modification,"{'diseases': ['arthritis'], 'symptoms': [], 'treatments': ['rest'], 'prevention': [], 'patient_types': [], 'food_recommendations': []}",FoodAdvice,Synthetic,,171,19,2,2025-07-19T20:32:57.187785
460,What should I eat if I have migraine?,"People with migraine may benefit from including antioxidants in their diet. Dietary recommendations should be tailored to individual needs, preferences, and medical conditions.",eat migraine,people migraine benefit including antioxidant diet dietary recommendation tailored individual need preference medical condition,eat migraine people migraine benefit including antioxidant diet dietary recommendation tailored individual need preference medical condition,"{'diseases': ['migraine'], 'symptoms': [], 'treatments': [], 'prevention': [], 'patient_types': [], 'food_recommendations': []}",FoodAdvice,Synthetic,,140,16,1,2025-07-19T20:32:57.188301
462,Are there dietary restrictions for anxiety?,Managing anxiety may involve dietary considerations including avoid dairy. Always discuss dietary changes with your healthcare team before making significant modifications.,dietary restriction anxiety,managing anxiety involve dietary consideration including avoid dairy always discus dietary change healthcare team making significant modification,dietary restriction anxiety managing anxiety involve dietary consideration including avoid dairy always discus dietary change healthcare team making significant modification,"{'diseases': ['anxiety'], 'symptoms': [], 'treatments': ['rest'], 'prevention': [], 'patient_types': [], 'food_recommendations': ['avoid dairy']}",FoodAdvice,Synthetic,,173,20,3,2025-07-19T20:32:57.189381
464,Are there dietary restrictions for migraine?,Managing migraine may involve dietary considerations including lean protein. Always discuss dietary changes with your healthcare team before making significant modifications.,dietary restriction migraine,managing migraine involve dietary consideration including lean protein always discus dietary change healthcare team making significant modification,dietary restriction migraine managing migraine involve dietary consideration including lean protein always discus dietary change healthcare team making significant modification,"{'diseases': ['migraine'], 'symptoms': [], 'treatments': ['rest'], 'prevention': [], 'patient_types': [], 'food_recommendations': ['lean protein']}",FoodAdvice,Synthetic,,176,20,3,2025-07-19T20:32:57.190593
465,Are there dietary restrictions for hypertension?,Managing hypertension may involve dietary considerations including omega-3. Always discuss dietary changes with your healthcare team before making significant modifications.,dietary restriction hypertension,managing hypertension involve dietary consideration including omega always discus dietary change healthcare team making significant modification,dietary restriction hypertension managing hypertension involve dietary consideration including omega always discus dietary change healthcare team making significant modification,"{'diseases': ['hypertension'], 'symptoms': [], 'treatments': ['rest'], 'prevention': [], 'patient_types': [], 'food_recommendations': []}",FoodAdvice,Synthetic,,177,19,2,2025-07-19T20:32:57.191217
466,Are there dietary restrictions for tuberculosis?,Managing tuberculosis may involve dietary considerations including omega-3. Always discuss dietary changes with your healthcare team before making significant modifications.,dietary restriction tuberculosis,managing tuberculosis involve dietary consideration including omega always discus dietary change healthcare team making significant modification,dietary restriction tuberculosis managing tuberculosis involve dietary consideration including omega always discus dietary change healthcare team making significant modification,"{'diseases': ['tuberculosis'], 'symptoms': [], 'treatments': ['rest'], 'prevention': [], 'patient_types': [], 'food_recommendations': []}",FoodAdvice,Synthetic,,177,19,2,2025-07-19T20:32:57.191831
467,What foods are good for osteoporosis?,"For osteoporosis management, foods such as seeds may be beneficial. Nutritional needs vary by individual, so it's important to consult with a healthcare provider or registered dietitian.",food good osteoporosis,osteoporosis management food seed beneficial nutritional need vary individual important consult healthcare provider registered dietitian,food good osteoporosis osteoporosis management food seed beneficial nutritional need vary individual important consult healthcare provider registered dietitian,"{'diseases': ['osteoporosis'], 'symptoms': [], 'treatments': [], 'prevention': [], 'patient_types': [], 'food_recommendations': []}",FoodAdvice,Synthetic,,159,18,1,2025-07-19T20:32:57.192474
469,Are there dietary restrictions for heart disease?,Managing heart disease may involve dietary considerations including low sodium. Always discuss dietary changes with your healthcare team before making significant modifications.,dietary restriction heart disease,managing heart disease involve dietary consideration including low sodium always discus dietary change healthcare team making significant modification,dietary restriction heart disease managing heart disease involve dietary consideration including low sodium always discus dietary change healthcare team making significant modification,"{'diseases': ['heart disease'], 'symptoms': [], 'treatments': ['rest'], 'prevention': [], 'patient_types': [], 'food_recommendations': ['low sodium']}",FoodAdvice,Synthetic,,184,22,3,2025-07-19T20:32:57.193674
470,Are there dietary restrictions for depression?,Managing depression may involve dietary considerations including light diet. Always discuss dietary changes with your healthcare team before making significant modifications.,dietary restriction depression,managing depression involve dietary consideration including light diet always discus dietary change healthcare team making significant modification,dietary restriction depression managing depression involve dietary consideration including light diet always discus dietary change healthcare team making significant modification,"{'diseases': ['depression'], 'symptoms': [], 'treatments': ['rest'], 'prevention': [], 'patient_types': [], 'food_recommendations': ['light diet']}",FoodAdvice,Synthetic,,178,20,3,2025-07-19T20:32:57.194314
471,What nutrition advice do you have for sars-cov-2?,Nutritional support for sars-cov-2 often includes antioxidants. A balanced approach to nutrition can support overall health and disease management.,nutrition advice,nutritional support often includes antioxidant balanced approach nutrition support overall health disease management,nutrition advice nutritional support often includes antioxidant balanced approach nutrition support overall health disease management,"{'diseases': [], 'symptoms': [], 'treatments': [], 'prevention': [], 'patient_types': [], 'food_recommendations': []}",FoodAdvice,Synthetic,,133,15,0,2025-07-19T20:32:57.194816
472,Are there dietary restrictions for flu?,Managing flu may involve dietary considerations including low sodium. Always discuss dietary changes with your healthcare team before making significant modifications.,dietary restriction flu,managing flu involve dietary consideration including low sodium always discus dietary change healthcare team making significant modification,dietary restriction flu managing flu involve dietary consideration including low sodium always discus dietary change healthcare team making significant modification,"{'diseases': ['flu'], 'symptoms': [], 'treatments': ['rest'], 'prevention': [], 'patient_types': [], 'food_recommendations': ['low sodium']}",FoodAdvice,Synthetic,,164,20,3,2025-07-19T20:32:57.195447
473,Are there dietary restrictions for influenza?,Managing influenza may involve dietary considerations including vegetables. Always discuss dietary changes with your healthcare team before making significant modifications.,dietary restriction influenza,managing influenza involve dietary consideration including vegetable always discus dietary change healthcare team making significant modification,dietary restriction influenza managing influenza involve dietary consideration including vegetable always discus dietary change healthcare team making significant modification,"{'diseases': ['flu', 'influenza'], 'symptoms': [], 'treatments': ['rest'], 'prevention': [], 'patient_types': [], 'food_recommendations': []}",FoodAdvice,Synthetic,,175,19,3,2025-07-19T20:32:57.196053
475,What nutrition advice do you have for obesity?,Nutritional support for obesity often includes lean protein. A balanced approach to nutrition can support overall health and disease management.,nutrition advice obesity,nutritional support obesity often includes lean protein balanced approach nutrition support overall health disease management,nutrition advice obesity nutritional support obesity often includes lean protein balanced approach nutrition support overall health disease management,"{'diseases': ['obesity'], 'symptoms': [], 'treatments': [], 'prevention': [], 'patient_types': [], 'food_recommendations': ['lean protein']}",FoodAdvice,Synthetic,,150,18,2,2025-07-19T20:32:57.197208
476,What foods are good for influenza?,"For influenza management, foods such as vitamin c may be beneficial. Nutritional needs vary by individual, so it's important to consult with a healthcare provider or registered dietitian.",food good influenza,influenza management food vitamin beneficial nutritional need vary individual important consult healthcare provider registered dietitian,food good influenza influenza management food vitamin beneficial nutritional need vary individual important consult healthcare provider registered dietitian,"{'diseases': ['flu', 'influenza'], 'symptoms': [], 'treatments': [], 'prevention': [], 'patient_types': [], 'food_recommendations': []}",FoodAdvice,Synthetic,,156,18,2,2025-07-19T20:32:57.197840
477,What foods are good for kidney disease?,"For kidney disease management, foods such as iron may be beneficial. Nutritional needs vary by individual, so it's important to consult with a healthcare provider or registered dietitian.",food good kidney disease,kidney disease management food iron beneficial nutritional need vary individual important consult healthcare provider registered dietitian,food good kidney disease kidney disease management food iron beneficial nutritional need vary individual important consult healthcare provider registered dietitian,"{'diseases': ['kidney disease'], 'symptoms': [], 'treatments': [], 'prevention': [], 'patient_types': [], 'food_recommendations': ['iron']}",FoodAdvice,Synthetic,,163,20,2,2025-07-19T20:32:57.198538
479,What nutrition advice do you have for covid19?,Nutritional support for covid19 often includes antioxidants. A balanced approach to nutrition can support overall health and disease management.,nutrition advice,nutritional support often includes antioxidant balanced approach nutrition support overall health disease management,nutrition advice nutritional support often includes antioxidant balanced approach nutrition support overall health disease management,"{'diseases': [], 'symptoms': [], 'treatments': [], 'prevention': [], 'patient_types': [], 'food_recommendations': []}",FoodAdvice,Synthetic,,133,15,0,2025-07-19T20:32:57.199521
480,What nutrition advice do you have for tuberculosis?,Nutritional support for tuberculosis often includes fiber rich. A balanced approach to nutrition can support overall health and disease management.,nutrition advice tuberculosis,nutritional support tuberculosis often includes fiber rich balanced approach nutrition support overall health disease management,nutrition advice tuberculosis nutritional support tuberculosis often includes fiber rich balanced approach nutrition support overall health disease management,"{'diseases': ['tuberculosis'], 'symptoms': [], 'treatments': [], 'prevention': [], 'patient_types': [], 'food_recommendations': ['fiber rich']}",FoodAdvice,Synthetic,,158,18,2,2025-07-19T20:32:57.200102
481,What should I eat if I have kidney disease?,"People with kidney disease may benefit from including nuts in their diet. Dietary recommendations should be tailored to individual needs, preferences, and medical conditions.",eat kidney disease,people kidney disease benefit including nut diet dietary recommendation tailored individual need preference medical condition,eat kidney disease people kidney disease benefit including nut diet dietary recommendation tailored individual need preference medical condition,"{'diseases': ['kidney disease'], 'symptoms': [], 'treatments': [], 'prevention': [], 'patient_types': [], 'food_recommendations': []}",FoodAdvice,Synthetic,,144,18,1,2025-07-19T20:32:57.200676
482,Are there dietary restrictions for osteoporosis?,Managing osteoporosis may involve dietary considerations including low sodium. Always discuss dietary changes with your healthcare team before making significant modifications.,dietary restriction osteoporosis,managing osteoporosis involve dietary consideration including low sodium always discus dietary change healthcare team making significant modification,dietary restriction osteoporosis managing osteoporosis involve dietary consideration including low sodium always discus dietary change healthcare team making significant modification,"{'diseases': ['osteoporosis'], 'symptoms': [], 'treatments': ['rest'], 'prevention': [], 'patient_types': [], 'food_recommendations': ['low sodium']}",FoodAdvice,Synthetic,,182,20,3,2025-07-19T20:32:57.201329
483,What nutrition advice do you have for anxiety?,Nutritional support for anxiety often includes avoid dairy. A balanced approach to nutrition can support overall health and disease management.,nutrition advice anxiety,nutritional support anxiety often includes avoid dairy balanced approach nutrition support overall health disease management,nutrition advice anxiety nutritional support anxiety often includes avoid dairy balanced approach nutrition support overall health disease management,"{'diseases': ['anxiety'], 'symptoms': [], 'treatments': [], 'prevention': [], 'patient_types': [], 'food_recommendations': ['avoid dairy']}",FoodAdvice,Synthetic,,149,18,2,2025-07-19T20:32:57.201901
484,What nutrition advice do you have for allergies?,Nutritional support for allergies often includes hydration. A balanced approach to nutrition can support overall health and disease management.,nutrition advice allergy,nutritional support allergy often includes hydration balanced approach nutrition support overall health disease management,nutrition advice allergy nutritional support allergy often includes hydration balanced approach nutrition support overall health disease management,"{'diseases': [], 'symptoms': [], 'treatments': [], 'prevention': [], 'patient_types': [], 'food_recommendations': ['hydration']}",FoodAdvice,Synthetic,,147,17,1,2025-07-19T20:32:57.202454
485,What nutrition advice do you have for obesity?,Nutritional support for obesity often includes nuts. A balanced approach to nutrition can support overall health and disease management.,nutrition advice obesity,nutritional support obesity often includes nut balanced approach nutrition support overall health disease management,nutrition advice obesity nutritional support obesity often includes nut balanced approach nutrition support overall health disease management,"{'diseases': ['obesity'], 'symptoms': [], 'treatments': [], 'prevention': [], 'patient_types': [], 'food_recommendations': []}",FoodAdvice,Synthetic,,141,17,1,2025-07-19T20:32:57.203001
486,What nutrition advice do you have for sars-cov-2?,Nutritional support for sars-cov-2 often includes light diet. A balanced approach to nutrition can support overall health and disease management.,nutrition advice,nutritional support often includes light diet balanced approach nutrition support overall health disease management,nutrition advice nutritional support often includes light diet balanced approach nutrition support overall health disease management,"{'diseases': [], 'symptoms': [], 'treatments': [], 'prevention': [], 'patient_types': [], 'food_recommendations': ['light diet']}",FoodAdvice,Synthetic,,132,16,1,2025-07-19T20:32:57.203532
487,What nutrition advice do you have for flu?,Nutritional support for flu often includes low sodium. A balanced approach to nutrition can support overall health and disease management.,nutrition advice flu,nutritional support flu often includes low sodium balanced approach nutrition support overall health disease management,nutrition advice flu nutritional support flu often includes low sodium balanced approach nutrition support overall health disease management,"{'diseases': ['flu'], 'symptoms': [], 'treatments': [], 'prevention': [], 'patient_types': [], 'food_recommendations': ['low sodium']}",FoodAdvice,Synthetic,,140,18,2,2025-07-19T20:32:57.204100
488,Are there dietary restrictions for stroke?,Managing stroke may involve dietary considerations including lean protein. Always discuss dietary changes with your healthcare team before making significant modifications.,dietary restriction stroke,managing stroke involve dietary consideration including lean protein always discus dietary change healthcare team making significant modification,dietary restriction stroke managing stroke involve dietary consideration including lean protein always discus dietary change healthcare team making significant modification,"{'diseases': ['stroke'], 'symptoms': [], 'treatments': ['rest'], 'prevention': [], 'patient_types': [], 'food_recommendations': ['lean protein']}",FoodAdvice,Synthetic,,172,20,3,2025-07-19T20:32:57.204737
489,Are there dietary restrictions for hepatitis?,Managing hepatitis may involve dietary considerations including vitamin c. Always discuss dietary changes with your healthcare team before making significant modifications.,dietary restriction hepatitis,managing hepatitis involve dietary consideration including vitamin always discus dietary change healthcare team making significant modification,dietary restriction hepatitis managing hepatitis involve dietary consideration including vitamin always discus dietary change healthcare team making significant modification,"{'diseases': ['hepatitis'], 'symptoms': [], 'treatments': ['rest'], 'prevention': [], 'patient_types': [], 'food_recommendations': []}",FoodAdvice,Synthetic,,173,19,2,2025-07-19T20:32:57.205341
490,Are there dietary restrictions for depression?,Managing depression may involve dietary considerations including calcium. Always discuss dietary changes with your healthcare team before making significant modifications.,dietary restriction depression,managing depression involve dietary consideration including calcium always discus dietary change healthcare team making significant modification,dietary restriction depression managing depression involve dietary consideration including calcium always discus dietary change healthcare team making significant modification,"{'diseases': ['depression'], 'symptoms': [], 'treatments': ['rest'], 'prevention': [], 'patient_types': [], 'food_recommendations': ['calcium']}",FoodAdvice,Synthetic,,175,19,3,2025-07-19T20:32:57.205956
491,What should I eat if I have diabetes?,"People with diabetes may benefit from including fiber rich in their diet. Dietary recommendations should be tailored to individual needs, preferences, and medical conditions.",eat diabetes,people diabetes benefit including fiber rich diet dietary recommendation tailored individual need preference medical condition,eat diabetes people diabetes benefit including fiber rich diet dietary recommendation tailored individual need preference medical condition,"{'diseases': ['diabetes'], 'symptoms': [], 'treatments': [], 'prevention': [], 'patient_types': [], 'food_recommendations': ['fiber rich']}",FoodAdvice,Synthetic,,139,17,2,2025-07-19T20:32:57.206505
492,What nutrition advice do you have for depression?,Nutritional support for depression often includes omega-3. A balanced approach to nutrition can support overall health and disease management.,nutrition advice depression,nutritional support depression often includes omega balanced approach nutrition support overall health disease management,nutrition advice depression nutritional support depression often includes omega balanced approach nutrition support overall health disease management,"{'diseases': ['depression'], 'symptoms': [], 'treatments': [], 'prevention': [], 'patient_types': [], 'food_recommendations': []}",FoodAdvice,Synthetic,,149,17,1,2025-07-19T20:32:57.207060
493,What nutrition advice do you have for anxiety?,Nutritional support for anxiety often includes protein rich. A balanced approach to nutrition can support overall health and disease management.,nutrition advice anxiety,nutritional support anxiety often includes protein rich balanced approach nutrition support overall health disease management,nutrition advice anxiety nutritional support anxiety often includes protein rich balanced approach nutrition support overall health disease management,"{'diseases': ['anxiety'], 'symptoms': [], 'treatments': [], 'prevention': [], 'patient_types': [], 'food_recommendations': ['protein rich']}",FoodAdvice,Synthetic,,150,18,2,2025-07-19T20:32:57.207960
494,What foods are good for heart disease?,"For heart disease management, foods such as seeds may be beneficial. Nutritional needs vary by individual, so it's important to consult with a healthcare provider or registered dietitian.",food good heart disease,heart disease management food seed beneficial nutritional need vary individual important consult healthcare provider registered dietitian,food good heart disease heart disease management food seed beneficial nutritional need vary individual important consult healthcare provider registered dietitian,"{'diseases': ['heart disease'], 'symptoms': [], 'treatments': [], 'prevention': [], 'patient_types': [], 'food_recommendations': []}",FoodAdvice,Synthetic,,161,20,1,2025-07-19T20:32:57.208756
495,What nutrition advice do you have for stroke?,Nutritional support for stroke often includes light diet. A balanced approach to nutrition can support overall health and disease management.,nutrition advice stroke,nutritional support stroke often includes light diet balanced approach nutrition support overall health disease management,nutrition advice stroke nutritional support stroke often includes light diet balanced approach nutrition support overall health disease management,"{'diseases': ['stroke'], 'symptoms': [], 'treatments': [], 'prevention': [], 'patient_types': [], 'food_recommendations': ['light diet']}",FoodAdvice,Synthetic,,146,18,2,2025-07-19T20:32:57.209491
496,What foods are good for liver disease?,"For liver disease management, foods such as whole grains may be beneficial. Nutritional needs vary by individual, so it's important to consult with a healthcare provider or registered dietitian.",food good liver disease,liver disease management food whole grain beneficial nutritional need vary individual important consult healthcare provider registered dietitian,food good liver disease liver disease management food whole grain beneficial nutritional need vary individual important consult healthcare provider registered dietitian,"{'diseases': ['liver disease'], 'symptoms': [], 'treatments': [], 'prevention': [], 'patient_types': [], 'food_recommendations': []}",FoodAdvice,Synthetic,,168,21,1,2025-07-19T20:32:57.210401
497,What should I eat if I have cancer?,"People with cancer may benefit from including hydration in their diet. Dietary recommendations should be tailored to individual needs, preferences, and medical conditions.",eat cancer,people cancer benefit including hydration diet dietary recommendation tailored individual need preference medical condition,eat cancer people cancer benefit including hydration diet dietary recommendation tailored individual need preference medical condition,"{'diseases': ['cancer'], 'symptoms': [], 'treatments': [], 'prevention': [], 'patient_types': [], 'food_recommendations': ['hydration']}",FoodAdvice,Synthetic,,134,16,2,2025-07-19T20:32:57.210871
498,Are there dietary restrictions for dengue?,Managing dengue may involve dietary considerations including hydration. Always discuss dietary changes with your healthcare team before making significant modifications.,dietary restriction dengue,managing dengue involve dietary consideration including hydration always discus dietary change healthcare team making significant modification,dietary restriction dengue managing dengue involve dietary consideration including hydration always discus dietary change healthcare team making significant modification,"{'diseases': ['dengue'], 'symptoms': [], 'treatments': ['rest'], 'prevention': [], 'patient_types': [], 'food_recommendations': ['hydration']}",FoodAdvice,Synthetic,,169,19,3,2025-07-19T20:32:57.211475
499,What nutrition advice do you have for bronchitis?,Nutritional support for bronchitis often includes protein rich. A balanced approach to nutrition can support overall health and disease management.,nutrition advice bronchitis,nutritional support bronchitis often includes protein rich balanced approach nutrition support overall health disease management,nutrition advice bronchitis nutritional support bronchitis often includes protein rich balanced approach nutrition support overall health disease management,"{'diseases': ['bronchitis'], 'symptoms': [], 'treatments': [], 'prevention': [], 'patient_types': [], 'food_recommendations': ['protein rich']}",FoodAdvice,Synthetic,,156,18,2,2025-07-19T20:32:57.212042
500,What can I do to avoid malaria?,"To reduce your risk of malaria, consider implementing screening. Prevention strategies should be discussed with healthcare professionals for personalized guidance.",avoid malaria,reduce risk malaria consider implementing screening prevention strategy discussed healthcare professional personalized guidance,avoid malaria reduce risk malaria consider implementing screening prevention strategy discussed healthcare professional personalized guidance,"{'diseases': ['malaria'], 'symptoms': [], 'treatments': [], 'prevention': ['screening'], 'patient_types': [], 'food_recommendations': []}",PreventionAdvice,Synthetic,,141,15,2,2025-07-19T20:32:57.212639
501,How do I protect myself from influenza?,Protection against influenza involves screening. Stay informed about current health recommendations and guidelines from reputable medical sources.,protect influenza,protection influenza involves screening stay informed current health recommendation guideline reputable medical source,protect influenza protection influenza involves screening stay informed current health recommendation guideline reputable medical source,"{'diseases': ['flu', 'influenza'], 'symptoms': [], 'treatments': [], 'prevention': ['screening'], 'patient_types': [], 'food_recommendations': []}",PreventionAdvice,Synthetic,,136,15,3,2025-07-19T20:32:57.213139
502,What preventive measures work for dengue?,Effective preventive measures for dengue include hand washing. Consistency in applying these measures is key to their effectiveness.,preventive measure work dengue,effective preventive measure dengue include hand washing consistency applying measure key effectiveness,preventive measure work dengue effective preventive measure dengue include hand washing consistency applying measure key effectiveness,"{'diseases': ['dengue'], 'symptoms': [], 'treatments': [], 'prevention': ['hand washing'], 'patient_types': [], 'food_recommendations': []}",PreventionAdvice,Synthetic,,134,16,2,2025-07-19T20:32:57.213731
503,How can I prevent diabetes?,Prevention of diabetes includes evidence-based measures such as quarantine. Following established prevention strategies is important for reducing your risk.,prevent diabetes,prevention diabetes includes evidencebased measure quarantine following established prevention strategy important reducing risk,prevent diabetes prevention diabetes includes evidencebased measure quarantine following established prevention strategy important reducing risk,"{'diseases': ['diabetes'], 'symptoms': [], 'treatments': [], 'prevention': ['quarantine'], 'patient_types': [], 'food_recommendations': []}",PreventionAdvice,Synthetic,,144,15,2,2025-07-19T20:32:57.214309
504,How can I prevent osteoporosis?,Prevention of osteoporosis includes evidence-based measures such as screening. Following established prevention strategies is important for reducing your risk.,prevent osteoporosis,prevention osteoporosis includes evidencebased measure screening following established prevention strategy important reducing risk,prevent osteoporosis prevention osteoporosis includes evidencebased measure screening following established prevention strategy important reducing risk,"{'diseases': ['osteoporosis'], 'symptoms': [], 'treatments': [], 'prevention': ['screening'], 'patient_types': [], 'food_recommendations': []}",PreventionAdvice,Synthetic,,151,15,2,2025-07-19T20:32:57.214854
506,What preventive measures work for stroke?,Effective preventive measures for stroke include ventilation. Consistency in applying these measures is key to their effectiveness.,preventive measure work stroke,effective preventive measure stroke include ventilation consistency applying measure key effectiveness,preventive measure work stroke effective preventive measure stroke include ventilation consistency applying measure key effectiveness,"{'diseases': ['stroke'], 'symptoms': [], 'treatments': [], 'prevention': ['ventilation'], 'patient_types': [], 'food_recommendations': []}",PreventionAdvice,Synthetic,,133,15,2,2025-07-19T20:32:57.215896
507,How do I protect myself from malaria?,Protection against malaria involves exercise. Stay informed about current health recommendations and guidelines from reputable medical sources.,protect malaria,protection malaria involves exercise stay informed current health recommendation guideline reputable medical source,protect malaria protection malaria involves exercise stay informed current health recommendation guideline reputable medical source,"{'diseases': ['malaria'], 'symptoms': [], 'treatments': [], 'prevention': ['exercise'], 'patient_types': [], 'food_recommendations': []}",PreventionAdvice,Synthetic,,131,15,2,2025-07-19T20:32:57.216321
509,How do I protect myself from hepatitis?,Protection against hepatitis involves ventilation. Stay informed about current health recommendations and guidelines from reputable medical sources.,protect hepatitis,protection hepatitis involves ventilation stay informed current health recommendation guideline reputable medical source,protect hepatitis protection hepatitis involves ventilation stay informed current health recommendation guideline reputable medical source,"{'diseases': ['hepatitis'], 'symptoms': [], 'treatments': [], 'prevention': ['ventilation'], 'patient_types': [], 'food_recommendations': []}",PreventionAdvice,Synthetic,,138,15,2,2025-07-19T20:32:57.217252
511,How do I protect myself from arthritis?,Protection against arthritis involves quarantine. Stay informed about current health recommendations and guidelines from reputable medical sources.,protect arthritis,protection arthritis involves quarantine stay informed current health recommendation guideline reputable medical source,protect arthritis protection arthritis involves quarantine stay informed current health recommendation guideline reputable medical source,"{'diseases': ['arthritis'], 'symptoms': [], 'treatments': [], 'prevention': ['quarantine'], 'patient_types': [], 'food_recommendations': []}",PreventionAdvice,Synthetic,,137,15,2,2025-07-19T20:32:57.218011
512,What can I do to avoid dengue?,"To reduce your risk of dengue, consider implementing exercise. Prevention strategies should be discussed with healthcare professionals for personalized guidance.",avoid dengue,reduce risk dengue consider implementing exercise prevention strategy discussed healthcare professional personalized guidance,avoid dengue reduce risk dengue consider implementing exercise prevention strategy discussed healthcare professional personalized guidance,"{'diseases': ['dengue'], 'symptoms': [], 'treatments': [], 'prevention': ['exercise'], 'patient_types': [], 'food_recommendations': []}",PreventionAdvice,Synthetic,,138,15,2,2025-07-19T20:32:57.218555
513,How can I prevent hypertension?,Prevention of hypertension includes evidence-based measures such as sanitizer. Following established prevention strategies is important for reducing your risk.,prevent hypertension,prevention hypertension includes evidencebased measure sanitizer following established prevention strategy important reducing risk,prevent hypertension prevention hypertension includes evidencebased measure sanitizer following established prevention strategy important reducing risk,"{'diseases': ['hypertension'], 'symptoms': [], 'treatments': [], 'prevention': ['sanitizer'], 'patient_types': [], 'food_recommendations': []}",PreventionAdvice,Synthetic,,151,15,2,2025-07-19T20:32:57.219097
514,What can I do to avoid hepatitis?,"To reduce your risk of hepatitis, consider implementing hand washing. Prevention strategies should be discussed with healthcare professionals for personalized guidance.",avoid hepatitis,reduce risk hepatitis consider implementing hand washing prevention strategy discussed healthcare professional personalized guidance,avoid hepatitis reduce risk hepatitis consider implementing hand washing prevention strategy discussed healthcare professional personalized guidance,"{'diseases': ['hepatitis'], 'symptoms': [], 'treatments': [], 'prevention': ['hand washing'], 'patient_types': [], 'food_recommendations': []}",PreventionAdvice,Synthetic,,148,16,2,2025-07-19T20:32:57.219648
515,How can I prevent diabetes?,Prevention of diabetes includes evidence-based measures such as exercise. Following established prevention strategies is important for reducing your risk.,prevent diabetes,prevention diabetes includes evidencebased measure exercise following established prevention strategy important reducing risk,prevent diabetes prevention diabetes includes evidencebased measure exercise following established prevention strategy important reducing risk,"{'diseases': ['diabetes'], 'symptoms': [], 'treatments': [], 'prevention': ['exercise'], 'patient_types': [], 'food_recommendations': []}",PreventionAdvice,Synthetic,,142,15,2,2025-07-19T20:32:57.220186
516,How do I protect myself from dengue?,Protection against dengue involves screening. Stay informed about current health recommendations and guidelines from reputable medical sources.,protect dengue,protection dengue involves screening stay informed current health recommendation guideline reputable medical source,protect dengue protection dengue involves screening stay informed current health recommendation guideline reputable medical source,"{'diseases': ['dengue'], 'symptoms': [], 'treatments': [], 'prevention': ['screening'], 'patient_types': [], 'food_recommendations': []}",PreventionAdvice,Synthetic,,130,15,2,2025-07-19T20:32:57.220604
517,What preventive measures work for diabetes?,Effective preventive measures for diabetes include sanitizer. Consistency in applying these measures is key to their effectiveness.,preventive measure work diabetes,effective preventive measure diabetes include sanitizer consistency applying measure key effectiveness,preventive measure work diabetes effective preventive measure diabetes include sanitizer consistency applying measure key effectiveness,"{'diseases': ['diabetes'], 'symptoms': [], 'treatments': [], 'prevention': ['sanitizer'], 'patient_types': [], 'food_recommendations': []}",PreventionAdvice,Synthetic,,135,15,2,2025-07-19T20:32:57.221154
518,How do I protect myself from hepatitis?,Protection against hepatitis involves hand washing. Stay informed about current health recommendations and guidelines from reputable medical sources.,protect hepatitis,protection hepatitis involves hand washing stay informed current health recommendation guideline reputable medical source,protect hepatitis protection hepatitis involves hand washing stay informed current health recommendation guideline reputable medical source,"{'diseases': ['hepatitis'], 'symptoms': [], 'treatments': [], 'prevention': ['hand washing'], 'patient_types': [], 'food_recommendations': []}",PreventionAdvice,Synthetic,,139,16,2,2025-07-19T20:32:57.221572
519,What can I do to avoid dengue?,"To reduce your risk of dengue, consider implementing quarantine. Prevention strategies should be discussed with healthcare professionals for personalized guidance.",avoid dengue,reduce risk dengue consider implementing quarantine prevention strategy discussed healthcare professional personalized guidance,avoid dengue reduce risk dengue consider implementing quarantine prevention strategy discussed healthcare professional personalized guidance,"{'diseases': ['dengue'], 'symptoms': [], 'treatments': [], 'prevention': ['quarantine'], 'patient_types': [], 'food_recommendations': []}",PreventionAdvice,Synthetic,,140,15,2,2025-07-19T20:32:57.222111
520,How can I prevent influenza?,Prevention of influenza includes evidence-based measures such as exercise. Following established prevention strategies is important for reducing your risk.,prevent influenza,prevention influenza includes evidencebased measure exercise following established prevention strategy important reducing risk,prevent influenza prevention influenza includes evidencebased measure exercise following established prevention strategy important reducing risk,"{'diseases': ['flu', 'influenza'], 'symptoms': [], 'treatments': [], 'prevention': ['exercise'], 'patient_types': [], 'food_recommendations': []}",PreventionAdvice,Synthetic,,144,15,3,2025-07-19T20:32:57.222638
521,How do I protect myself from dengue?,Protection against dengue involves social distancing. Stay informed about current health recommendations and guidelines from reputable medical sources.,protect dengue,protection dengue involves social distancing stay informed current health recommendation guideline reputable medical source,protect dengue protection dengue involves social distancing stay informed current health recommendation guideline reputable medical source,"{'diseases': ['dengue'], 'symptoms': [], 'treatments': [], 'prevention': ['social distancing'], 'patient_types': [], 'food_recommendations': []}",PreventionAdvice,Synthetic,,138,16,2,2025-07-19T20:32:57.223068
522,What preventive measures work for anxiety?,Effective preventive measures for anxiety include adequate sleep. Consistency in applying these measures is key to their effectiveness.,preventive measure work anxiety,effective preventive measure anxiety include adequate sleep consistency applying measure key effectiveness,preventive measure work anxiety effective preventive measure anxiety include adequate sleep consistency applying measure key effectiveness,"{'diseases': ['anxiety'], 'symptoms': [], 'treatments': [], 'prevention': ['adequate sleep'], 'patient_types': [], 'food_recommendations': []}",PreventionAdvice,Synthetic,,138,16,2,2025-07-19T20:32:57.223651
523,What preventive measures work for covid19?,Effective preventive measures for covid19 include vaccination. Consistency in applying these measures is key to their effectiveness.,preventive measure work,effective preventive measure include vaccination consistency applying measure key effectiveness,preventive measure work effective preventive measure include vaccination consistency applying measure key effectiveness,"{'diseases': [], 'symptoms': [], 'treatments': [], 'prevention': ['vaccination'], 'patient_types': [], 'food_recommendations': []}",PreventionAdvice,Synthetic,,119,13,1,2025-07-19T20:32:57.224149
525,What can I do to avoid hepatitis?,"To reduce your risk of hepatitis, consider implementing ventilation. Prevention strategies should be discussed with healthcare professionals for personalized guidance.",avoid hepatitis,reduce risk hepatitis consider implementing ventilation prevention strategy discussed healthcare professional personalized guidance,avoid hepatitis reduce risk hepatitis consider implementing ventilation prevention strategy discussed healthcare professional personalized guidance,"{'diseases': ['hepatitis'], 'symptoms': [], 'treatments': [], 'prevention': ['ventilation'], 'patient_types': [], 'food_recommendations': []}",PreventionAdvice,Synthetic,,147,15,2,2025-07-19T20:32:57.225037
526,How do I protect myself from osteoporosis?,Protection against osteoporosis involves social distancing. Stay informed about current health recommendations and guidelines from reputable medical sources.,protect osteoporosis,protection osteoporosis involves social distancing stay informed current health recommendation guideline reputable medical source,protect osteoporosis protection osteoporosis involves social distancing stay informed current health recommendation guideline reputable medical source,"{'diseases': ['osteoporosis'], 'symptoms': [], 'treatments': [], 'prevention': ['social distancing'], 'patient_types': [], 'food_recommendations': []}",PreventionAdvice,Synthetic,,150,16,2,2025-07-19T20:32:57.225462
527,What preventive measures work for allergies?,Effective preventive measures for allergies include healthy diet. Consistency in applying these measures is key to their effectiveness.,preventive measure work allergy,effective preventive measure allergy include healthy diet consistency applying measure key effectiveness,preventive measure work allergy effective preventive measure allergy include healthy diet consistency applying measure key effectiveness,"{'diseases': [], 'symptoms': [], 'treatments': [], 'prevention': ['healthy diet'], 'patient_types': [], 'food_recommendations': []}",PreventionAdvice,Synthetic,,136,16,1,2025-07-19T20:32:57.226022
528,What preventive measures work for sars-cov-2?,Effective preventive measures for sars-cov-2 include screening. Consistency in applying these measures is key to their effectiveness.,preventive measure work,effective preventive measure include screening consistency applying measure key effectiveness,preventive measure work effective preventive measure include screening consistency applying measure key effectiveness,"{'diseases': [], 'symptoms': [], 'treatments': [], 'prevention': ['screening'], 'patient_types': [], 'food_recommendations': []}",PreventionAdvice,Synthetic,,117,13,1,2025-07-19T20:32:57.226515
529,How can I prevent anxiety?,Prevention of anxiety includes evidence-based measures such as ventilation. Following established prevention strategies is important for reducing your risk.,prevent anxiety,prevention anxiety includes evidencebased measure ventilation following established prevention strategy important reducing risk,prevent anxiety prevention anxiety includes evidencebased measure ventilation following established prevention strategy important reducing risk,"{'diseases': ['anxiety'], 'symptoms': [], 'treatments': [], 'prevention': ['ventilation'], 'patient_types': [], 'food_recommendations': []}",PreventionAdvice,Synthetic,,143,15,2,2025-07-19T20:32:57.227046
530,What can I do to avoid bronchitis?,"To reduce your risk of bronchitis, consider implementing stress management. Prevention strategies should be discussed with healthcare professionals for personalized guidance.",avoid bronchitis,reduce risk bronchitis consider implementing stress management prevention strategy discussed healthcare professional personalized guidance,avoid bronchitis reduce risk bronchitis consider implementing stress management prevention strategy discussed healthcare professional personalized guidance,"{'diseases': ['bronchitis'], 'symptoms': [], 'treatments': [], 'prevention': ['stress management'], 'patient_types': [], 'food_recommendations': []}",PreventionAdvice,Synthetic,,155,16,2,2025-07-19T20:32:57.227603
531,What can I do to avoid osteoporosis?,"To reduce your risk of osteoporosis, consider implementing vaccination. Prevention strategies should be discussed with healthcare professionals for personalized guidance.",avoid osteoporosis,reduce risk osteoporosis consider implementing vaccination prevention strategy discussed healthcare professional personalized guidance,avoid osteoporosis reduce risk osteoporosis consider implementing vaccination prevention strategy discussed healthcare professional personalized guidance,"{'diseases': ['osteoporosis'], 'symptoms': [], 'treatments': [], 'prevention': ['vaccination'], 'patient_types': [], 'food_recommendations': []}",PreventionAdvice,Synthetic,,153,15,2,2025-07-19T20:32:57.228157
532,What can I do to avoid dengue?,"To reduce your risk of dengue, consider implementing adequate sleep. Prevention strategies should be discussed with healthcare professionals for personalized guidance.",avoid dengue,reduce risk dengue consider implementing adequate sleep prevention strategy discussed healthcare professional personalized guidance,avoid dengue reduce risk dengue consider implementing adequate sleep prevention strategy discussed healthcare professional personalized guidance,"{'diseases': ['dengue'], 'symptoms': [], 'treatments': [], 'prevention': ['adequate sleep'], 'patient_types': [], 'food_recommendations': []}",PreventionAdvice,Synthetic,,144,16,2,2025-07-19T20:32:57.228736
533,How do I protect myself from kidney disease?,Protection against kidney disease involves hand washing. Stay informed about current health recommendations and guidelines from reputable medical sources.,protect kidney disease,protection kidney disease involves hand washing stay informed current health recommendation guideline reputable medical source,protect kidney disease protection kidney disease involves hand washing stay informed current health recommendation guideline reputable medical source,"{'diseases': ['kidney disease'], 'symptoms': [], 'treatments': [], 'prevention': ['hand washing'], 'patient_types': [], 'food_recommendations': []}",PreventionAdvice,Synthetic,,149,18,2,2025-07-19T20:32:57.229231
534,What preventive measures work for diabetes?,Effective preventive measures for diabetes include hand washing. Consistency in applying these measures is key to their effectiveness.,preventive measure work diabetes,effective preventive measure diabetes include hand washing consistency applying measure key effectiveness,preventive measure work diabetes effective preventive measure diabetes include hand washing consistency applying measure key effectiveness,"{'diseases': ['diabetes'], 'symptoms': [], 'treatments': [], 'prevention': ['hand washing'], 'patient_types': [], 'food_recommendations': []}",PreventionAdvice,Synthetic,,138,16,2,2025-07-19T20:32:57.229801
535,How can I prevent hepatitis?,Prevention of hepatitis includes evidence-based measures such as hand washing. Following established prevention strategies is important for reducing your risk.,prevent hepatitis,prevention hepatitis includes evidencebased measure hand washing following established prevention strategy important reducing risk,prevent hepatitis prevention hepatitis includes evidencebased measure hand washing following established prevention strategy important reducing risk,"{'diseases': ['hepatitis'], 'symptoms': [], 'treatments': [], 'prevention': ['hand washing'], 'patient_types': [], 'food_recommendations': []}",PreventionAdvice,Synthetic,,148,16,2,2025-07-19T20:32:57.230349
536,How can I prevent anxiety?,Prevention of anxiety includes evidence-based measures such as ventilation. Following established prevention strategies is important for reducing your risk.,prevent anxiety,prevention anxiety includes evidencebased measure ventilation following established prevention strategy important reducing risk,prevent anxiety prevention anxiety includes evidencebased measure ventilation following established prevention strategy important reducing risk,"{'diseases': ['anxiety'], 'symptoms': [], 'treatments': [], 'prevention': ['ventilation'], 'patient_types': [], 'food_recommendations': []}",PreventionAdvice,Synthetic,,143,15,2,2025-07-19T20:32:57.230894
537,How can I prevent asthma?,Prevention of asthma includes evidence-based measures such as exercise. Following established prevention strategies is important for reducing your risk.,prevent asthma,prevention asthma includes evidencebased measure exercise following established prevention strategy important reducing risk,prevent asthma prevention asthma includes evidencebased measure exercise following established prevention strategy important reducing risk,"{'diseases': ['asthma'], 'symptoms': [], 'treatments': [], 'prevention': ['exercise'], 'patient_types': [], 'food_recommendations': []}",PreventionAdvice,Synthetic,,138,15,2,2025-07-19T20:32:57.231433
538,What can I do to avoid hepatitis?,"To reduce your risk of hepatitis, consider implementing regular checkups. Prevention strategies should be discussed with healthcare professionals for personalized guidance.",avoid hepatitis,reduce risk hepatitis consider implementing regular checkup prevention strategy discussed healthcare professional personalized guidance,avoid hepatitis reduce risk hepatitis consider implementing regular checkup prevention strategy discussed healthcare professional personalized guidance,"{'diseases': ['hepatitis'], 'symptoms': [], 'treatments': [], 'prevention': [], 'patient_types': [], 'food_recommendations': []}",PreventionAdvice,Synthetic,,151,16,1,2025-07-19T20:32:57.232012
539,How do I protect myself from depression?,Protection against depression involves social distancing. Stay informed about current health recommendations and guidelines from reputable medical sources.,protect depression,protection depression involves social distancing stay informed current health recommendation guideline reputable medical source,protect depression protection depression involves social distancing stay informed current health recommendation guideline reputable medical source,"{'diseases': ['depression'], 'symptoms': [], 'treatments': [], 'prevention': ['social distancing'], 'patient_types': [], 'food_recommendations': []}",PreventionAdvice,Synthetic,,146,16,2,2025-07-19T20:32:57.232455
540,What preventive measures work for covid-19?,Effective preventive measures for covid-19 include ventilation. Consistency in applying these measures is key to their effectiveness.,preventive measure work,effective preventive measure include ventilation consistency applying measure key effectiveness,preventive measure work effective preventive measure include ventilation consistency applying measure key effectiveness,"{'diseases': [], 'symptoms': [], 'treatments': [], 'prevention': ['ventilation'], 'patient_types': [], 'food_recommendations': []}",PreventionAdvice,Synthetic,,119,13,1,2025-07-19T20:32:57.232964
541,What preventive measures work for osteoporosis?,Effective preventive measures for osteoporosis include stress management. Consistency in applying these measures is key to their effectiveness.,preventive measure work osteoporosis,effective preventive measure osteoporosis include stress management consistency applying measure key effectiveness,preventive measure work osteoporosis effective preventive measure osteoporosis include stress management consistency applying measure key effectiveness,"{'diseases': ['osteoporosis'], 'symptoms': [], 'treatments': [], 'prevention': ['stress management'], 'patient_types': [], 'food_recommendations': []}",PreventionAdvice,Synthetic,,151,16,2,2025-07-19T20:32:57.233539
542,What can I do to avoid diabetes?,"To reduce your risk of diabetes, consider implementing quarantine. Prevention strategies should be discussed with healthcare professionals for personalized guidance.",avoid diabetes,reduce risk diabetes consider implementing quarantine prevention strategy discussed healthcare professional personalized guidance,avoid diabetes reduce risk diabetes consider implementing quarantine prevention strategy discussed healthcare professional personalized guidance,"{'diseases': ['diabetes'], 'symptoms': [], 'treatments': [], 'prevention': ['quarantine'], 'patient_types': [], 'food_recommendations': []}",PreventionAdvice,Synthetic,,144,15,2,2025-07-19T20:32:57.234100
543,What preventive measures work for heart disease?,Effective preventive measures for heart disease include hygiene. Consistency in applying these measures is key to their effectiveness.,preventive measure work heart disease,effective preventive measure heart disease include hygiene consistency applying measure key effectiveness,preventive measure work heart disease effective preventive measure heart disease include hygiene consistency applying measure key effectiveness,"{'diseases': ['heart disease'], 'symptoms': [], 'treatments': [], 'prevention': ['hygiene'], 'patient_types': [], 'food_recommendations': []}",PreventionAdvice,Synthetic,,143,17,2,2025-07-19T20:32:57.234671
544,What preventive measures work for pneumonia?,Effective preventive measures for pneumonia include adequate sleep. Consistency in applying these measures is key to their effectiveness.,preventive measure work pneumonia,effective preventive measure pneumonia include adequate sleep consistency applying measure key effectiveness,preventive measure work pneumonia effective preventive measure pneumonia include adequate sleep consistency applying measure key effectiveness,"{'diseases': ['pneumonia'], 'symptoms': [], 'treatments': [], 'prevention': ['adequate sleep'], 'patient_types': [], 'food_recommendations': []}",PreventionAdvice,Synthetic,,142,16,2,2025-07-19T20:32:57.235254
545,How do I protect myself from depression?,Protection against depression involves vaccination. Stay informed about current health recommendations and guidelines from reputable medical sources.,protect depression,protection depression involves vaccination stay informed current health recommendation guideline reputable medical source,protect depression protection depression involves vaccination stay informed current health recommendation guideline reputable medical source,"{'diseases': ['depression'], 'symptoms': [], 'treatments': [], 'prevention': ['vaccination'], 'patient_types': [], 'food_recommendations': []}",PreventionAdvice,Synthetic,,140,15,2,2025-07-19T20:32:57.235693
546,How can I prevent migraine?,Prevention of migraine includes evidence-based measures such as mask wearing. Following established prevention strategies is important for reducing your risk.,prevent migraine,prevention migraine includes evidencebased measure mask wearing following established prevention strategy important reducing risk,prevent migraine prevention migraine includes evidencebased measure mask wearing following established prevention strategy important reducing risk,"{'diseases': ['migraine'], 'symptoms': [], 'treatments': [], 'prevention': ['mask wearing'], 'patient_types': [], 'food_recommendations': []}",PreventionAdvice,Synthetic,,146,16,2,2025-07-19T20:32:57.236284
547,How do I protect myself from obesity?,Protection against obesity involves adequate sleep. Stay informed about current health recommendations and guidelines from reputable medical sources.,protect obesity,protection obesity involves adequate sleep stay informed current health recommendation guideline reputable medical source,protect obesity protection obesity involves adequate sleep stay informed current health recommendation guideline reputable medical source,"{'diseases': ['obesity'], 'symptoms': [], 'treatments': [], 'prevention': ['adequate sleep'], 'patient_types': [], 'food_recommendations': []}",PreventionAdvice,Synthetic,,137,16,2,2025-07-19T20:32:57.236742
548,How can I prevent pneumonia?,Prevention of pneumonia includes evidence-based measures such as avoiding triggers. Following established prevention strategies is important for reducing your risk.,prevent pneumonia,prevention pneumonia includes evidencebased measure avoiding trigger following established prevention strategy important reducing risk,prevent pneumonia prevention pneumonia includes evidencebased measure avoiding trigger following established prevention strategy important reducing risk,"{'diseases': ['pneumonia'], 'symptoms': [], 'treatments': [], 'prevention': [], 'patient_types': [], 'food_recommendations': []}",PreventionAdvice,Synthetic,,152,16,1,2025-07-19T20:32:57.237328
549,How do I protect myself from obesity?,Protection against obesity involves ventilation. Stay informed about current health recommendations and guidelines from reputable medical sources.,protect obesity,protection obesity involves ventilation stay informed current health recommendation guideline reputable medical source,protect obesity protection obesity involves ventilation stay informed current health recommendation guideline reputable medical source,"{'diseases': ['obesity'], 'symptoms': [], 'treatments': [], 'prevention': ['ventilation'], 'patient_types': [], 'food_recommendations': []}",PreventionAdvice,Synthetic,,134,15,2,2025-07-19T20:32:57.237759
550,What preventive measures work for pandemic?,Effective preventive measures for pandemic include stress management. Consistency in applying these measures is key to their effectiveness.,preventive measure work pandemic,effective preventive measure pandemic include stress management consistency applying measure key effectiveness,preventive measure work pandemic effective preventive measure pandemic include stress management consistency applying measure key effectiveness,"{'diseases': ['pandemic'], 'symptoms': [], 'treatments': [], 'prevention': ['stress management'], 'patient_types': [], 'food_recommendations': []}",PreventionAdvice,Synthetic,,143,16,2,2025-07-19T20:32:57.238326
551,What preventive measures work for pandemic?,Effective preventive measures for pandemic include regular checkups. Consistency in applying these measures is key to their effectiveness.,preventive measure work pandemic,effective preventive measure pandemic include regular checkup consistency applying measure key effectiveness,preventive measure work pandemic effective preventive measure pandemic include regular checkup consistency applying measure key effectiveness,"{'diseases': ['pandemic'], 'symptoms': [], 'treatments': [], 'prevention': [], 'patient_types': [], 'food_recommendations': []}",PreventionAdvice,Synthetic,,141,16,1,2025-07-19T20:32:57.238906
553,What preventive measures work for bronchitis?,Effective preventive measures for bronchitis include healthy diet. Consistency in applying these measures is key to their effectiveness.,preventive measure work bronchitis,effective preventive measure bronchitis include healthy diet consistency applying measure key effectiveness,preventive measure work bronchitis effective preventive measure bronchitis include healthy diet consistency applying measure key effectiveness,"{'diseases': ['bronchitis'], 'symptoms': [], 'treatments': [], 'prevention': ['healthy diet'], 'patient_types': [], 'food_recommendations': []}",PreventionAdvice,Synthetic,,142,16,2,2025-07-19T20:32:57.239809
554,How can I prevent tuberculosis?,Prevention of tuberculosis includes evidence-based measures such as hand washing. Following established prevention strategies is important for reducing your risk.,prevent tuberculosis,prevention tuberculosis includes evidencebased measure hand washing following established prevention strategy important reducing risk,prevent tuberculosis prevention tuberculosis includes evidencebased measure hand washing following established prevention strategy important reducing risk,"{'diseases': ['tuberculosis'], 'symptoms': [], 'treatments': [], 'prevention': ['hand washing'], 'patient_types': [], 'food_recommendations': []}",PreventionAdvice,Synthetic,,154,16,2,2025-07-19T20:32:57.240367
556,What preventive measures work for obesity?,Effective preventive measures for obesity include regular checkups. Consistency in applying these measures is key to their effectiveness.,preventive measure work obesity,effective preventive measure obesity include regular checkup consistency applying measure key effectiveness,preventive measure work obesity effective preventive measure obesity include regular checkup consistency applying measure key effectiveness,"{'diseases': ['obesity'], 'symptoms': [], 'treatments': [], 'prevention': [], 'patient_types': [], 'food_recommendations': []}",PreventionAdvice,Synthetic,,139,16,1,2025-07-19T20:32:57.241302
557,What can I do to avoid hypertension?,"To reduce your risk of hypertension, consider implementing regular checkups. Prevention strategies should be discussed with healthcare professionals for personalized guidance.",avoid hypertension,reduce risk hypertension consider implementing regular checkup prevention strategy discussed healthcare professional personalized guidance,avoid hypertension reduce risk hypertension consider implementing regular checkup prevention strategy discussed healthcare professional personalized guidance,"{'diseases': ['hypertension'], 'symptoms': [], 'treatments': [], 'prevention': [], 'patient_types': [], 'food_recommendations': []}",PreventionAdvice,Synthetic,,157,16,1,2025-07-19T20:32:57.241890
558,What preventive measures work for cancer?,Effective preventive measures for cancer include screening. Consistency in applying these measures is key to their effectiveness.,preventive measure work cancer,effective preventive measure cancer include screening consistency applying measure key effectiveness,preventive measure work cancer effective preventive measure cancer include screening consistency applying measure key effectiveness,"{'diseases': ['cancer'], 'symptoms': [], 'treatments': [], 'prevention': ['screening'], 'patient_types': [], 'food_recommendations': []}",PreventionAdvice,Synthetic,,131,15,2,2025-07-19T20:32:57.242395
559,How do I protect myself from bronchitis?,Protection against bronchitis involves stress management. Stay informed about current health recommendations and guidelines from reputable medical sources.,protect bronchitis,protection bronchitis involves stress management stay informed current health recommendation guideline reputable medical source,protect bronchitis protection bronchitis involves stress management stay informed current health recommendation guideline reputable medical source,"{'diseases': ['bronchitis'], 'symptoms': [], 'treatments': [], 'prevention': ['stress management'], 'patient_types': [], 'food_recommendations': []}",PreventionAdvice,Synthetic,,146,16,2,2025-07-19T20:32:57.242837
560,How can I prevent anxiety?,Prevention of anxiety includes evidence-based measures such as ventilation. Following established prevention strategies is important for reducing your risk.,prevent anxiety,prevention anxiety includes evidencebased measure ventilation following established prevention strategy important reducing risk,prevent anxiety prevention anxiety includes evidencebased measure ventilation following established prevention strategy important reducing risk,"{'diseases': ['anxiety'], 'symptoms': [], 'treatments': [], 'prevention': ['ventilation'], 'patient_types': [], 'food_recommendations': []}",PreventionAdvice,Synthetic,,143,15,2,2025-07-19T20:32:57.243384
562,What preventive measures work for liver disease?,Effective preventive measures for liver disease include vaccination. Consistency in applying these measures is key to their effectiveness.,preventive measure work liver disease,effective preventive measure liver disease include vaccination consistency applying measure key effectiveness,preventive measure work liver disease effective preventive measure liver disease include vaccination consistency applying measure key effectiveness,"{'diseases': ['liver disease'], 'symptoms': [], 'treatments': [], 'prevention': ['vaccination'], 'patient_types': [], 'food_recommendations': []}",PreventionAdvice,Synthetic,,147,17,2,2025-07-19T20:32:57.244513
563,How do I protect myself from hypertension?,Protection against hypertension involves regular checkups. Stay informed about current health recommendations and guidelines from reputable medical sources.,protect hypertension,protection hypertension involves regular checkup stay informed current health recommendation guideline reputable medical source,protect hypertension protection hypertension involves regular checkup stay informed current health recommendation guideline reputable medical source,"{'diseases': ['hypertension'], 'symptoms': [], 'treatments': [], 'prevention': [], 'patient_types': [], 'food_recommendations': []}",PreventionAdvice,Synthetic,,148,16,1,2025-07-19T20:32:57.244977
564,How can I prevent malaria?,Prevention of malaria includes evidence-based measures such as quarantine. Following established prevention strategies is important for reducing your risk.,prevent malaria,prevention malaria includes evidencebased measure quarantine following established prevention strategy important reducing risk,prevent malaria prevention malaria includes evidencebased measure quarantine following established prevention strategy important reducing risk,"{'diseases': ['malaria'], 'symptoms': [], 'treatments': [], 'prevention': ['quarantine'], 'patient_types': [], 'food_recommendations': []}",PreventionAdvice,Synthetic,,142,15,2,2025-07-19T20:32:57.245517
565,What can I do to avoid pandemic?,"To reduce your risk of pandemic, consider implementing sanitizer. Prevention strategies should be discussed with healthcare professionals for personalized guidance.",avoid pandemic,reduce risk pandemic consider implementing sanitizer prevention strategy discussed healthcare professional personalized guidance,avoid pandemic reduce risk pandemic consider implementing sanitizer prevention strategy discussed healthcare professional personalized guidance,"{'diseases': ['pandemic'], 'symptoms': [], 'treatments': [], 'prevention': ['sanitizer'], 'patient_types': [], 'food_recommendations': []}",PreventionAdvice,Synthetic,,143,15,2,2025-07-19T20:32:57.246072
566,How do I protect myself from hypertension?,Protection against hypertension involves vaccination. Stay informed about current health recommendations and guidelines from reputable medical sources.,protect hypertension,protection hypertension involves vaccination stay informed current health recommendation guideline reputable medical source,protect hypertension protection hypertension involves vaccination stay informed current health recommendation guideline reputable medical source,"{'diseases': ['hypertension'], 'symptoms': [], 'treatments': [], 'prevention': ['vaccination'], 'patient_types': [], 'food_recommendations': []}",PreventionAdvice,Synthetic,,144,15,2,2025-07-19T20:32:57.246505
567,How can I prevent diabetes?,Prevention of diabetes includes evidence-based measures such as adequate sleep. Following established prevention strategies is important for reducing your risk.,prevent diabetes,prevention diabetes includes evidencebased measure adequate sleep following established prevention strategy important reducing risk,prevent diabetes prevention diabetes includes evidencebased measure adequate sleep following established prevention strategy important reducing risk,"{'diseases': ['diabetes'], 'symptoms': [], 'treatments': [], 'prevention': ['adequate sleep'], 'patient_types': [], 'food_recommendations': []}",PreventionAdvice,Synthetic,,148,16,2,2025-07-19T20:32:57.247082
568,What can I do to avoid osteoporosis?,"To reduce your risk of osteoporosis, consider implementing exercise. Prevention strategies should be discussed with healthcare professionals for personalized guidance.",avoid osteoporosis,reduce risk osteoporosis consider implementing exercise prevention strategy discussed healthcare professional personalized guidance,avoid osteoporosis reduce risk osteoporosis consider implementing exercise prevention strategy discussed healthcare professional personalized guidance,"{'diseases': ['osteoporosis'], 'symptoms': [], 'treatments': [], 'prevention': ['exercise'], 'patient_types': [], 'food_recommendations': []}",PreventionAdvice,Synthetic,,150,15,2,2025-07-19T20:32:57.247647
569,How can I prevent allergies?,Prevention of allergies includes evidence-based measures such as vaccination. Following established prevention strategies is important for reducing your risk.,prevent allergy,prevention allergy includes evidencebased measure vaccination following established prevention strategy important reducing risk,prevent allergy prevention allergy includes evidencebased measure vaccination following established prevention strategy important reducing risk,"{'diseases': [], 'symptoms': [], 'treatments': [], 'prevention': ['vaccination'], 'patient_types': [], 'food_recommendations': []}",PreventionAdvice,Synthetic,,143,15,1,2025-07-19T20:32:57.248197
570,How can I prevent diabetes?,Prevention of diabetes includes evidence-based measures such as hygiene. Following established prevention strategies is important for reducing your risk.,prevent diabetes,prevention diabetes includes evidencebased measure hygiene following established prevention strategy important reducing risk,prevent diabetes prevention diabetes includes evidencebased measure hygiene following established prevention strategy important reducing risk,"{'diseases': ['diabetes'], 'symptoms': [], 'treatments': [], 'prevention': ['hygiene'], 'patient_types': [], 'food_recommendations': []}",PreventionAdvice,Synthetic,,141,15,2,2025-07-19T20:32:57.248737
571,What preventive measures work for hepatitis?,Effective preventive measures for hepatitis include avoiding triggers. Consistency in applying these measures is key to their effectiveness.,preventive measure work hepatitis,effective preventive measure hepatitis include avoiding trigger consistency applying measure key effectiveness,preventive measure work hepatitis effective preventive measure hepatitis include avoiding trigger consistency applying measure key effectiveness,"{'diseases': ['hepatitis'], 'symptoms': [], 'treatments': [], 'prevention': [], 'patient_types': [], 'food_recommendations': []}",PreventionAdvice,Synthetic,,144,16,1,2025-07-19T20:32:57.249321
572,How do I protect myself from migraine?,Protection against migraine involves adequate sleep. Stay informed about current health recommendations and guidelines from reputable medical sources.,protect migraine,protection migraine involves adequate sleep stay informed current health recommendation guideline reputable medical source,protect migraine protection migraine involves adequate sleep stay informed current health recommendation guideline reputable medical source,"{'diseases': ['migraine'], 'symptoms': [], 'treatments': [], 'prevention': ['adequate sleep'], 'patient_types': [], 'food_recommendations': []}",PreventionAdvice,Synthetic,,139,16,2,2025-07-19T20:32:57.249780
573,What can I do to avoid stroke?,"To reduce your risk of stroke, consider implementing screening. Prevention strategies should be discussed with healthcare professionals for personalized guidance.",avoid stroke,reduce risk stroke consider implementing screening prevention strategy discussed healthcare professional personalized guidance,avoid stroke reduce risk stroke consider implementing screening prevention strategy discussed healthcare professional personalized guidance,"{'diseases': ['stroke'], 'symptoms': [], 'treatments': [], 'prevention': ['screening'], 'patient_types': [], 'food_recommendations': []}",PreventionAdvice,Synthetic,,139,15,2,2025-07-19T20:32:57.250335
574,How do I protect myself from osteoporosis?,Protection against osteoporosis involves exercise. Stay informed about current health recommendations and guidelines from reputable medical sources.,protect osteoporosis,protection osteoporosis involves exercise stay informed current health recommendation guideline reputable medical source,protect osteoporosis protection osteoporosis involves exercise stay informed current health recommendation guideline reputable medical source,"{'diseases': ['osteoporosis'], 'symptoms': [], 'treatments': [], 'prevention': ['exercise'], 'patient_types': [], 'food_recommendations': []}",PreventionAdvice,Synthetic,,141,15,2,2025-07-19T20:32:57.250764
575,What preventive measures work for stroke?,Effective preventive measures for stroke include regular checkups. Consistency in applying these measures is key to their effectiveness.,preventive measure work stroke,effective preventive measure stroke include regular checkup consistency applying measure key effectiveness,preventive measure work stroke effective preventive measure stroke include regular checkup consistency applying measure key effectiveness,"{'diseases': ['stroke'], 'symptoms': [], 'treatments': [], 'prevention': [], 'patient_types': [], 'food_recommendations': []}",PreventionAdvice,Synthetic,,137,16,1,2025-07-19T20:32:57.251344
576,What preventive measures work for malaria?,Effective preventive measures for malaria include sanitizer. Consistency in applying these measures is key to their effectiveness.,preventive measure work malaria,effective preventive measure malaria include sanitizer consistency applying measure key effectiveness,preventive measure work malaria effective preventive measure malaria include sanitizer consistency applying measure key effectiveness,"{'diseases': ['malaria'], 'symptoms': [], 'treatments': [], 'prevention': ['sanitizer'], 'patient_types': [], 'food_recommendations': []}",PreventionAdvice,Synthetic,,133,15,2,2025-07-19T20:32:57.251896
577,How do I protect myself from tuberculosis?,Protection against tuberculosis involves avoiding triggers. Stay informed about current health recommendations and guidelines from reputable medical sources.,protect tuberculosis,protection tuberculosis involves avoiding trigger stay informed current health recommendation guideline reputable medical source,protect tuberculosis protection tuberculosis involves avoiding trigger stay informed current health recommendation guideline reputable medical source,"{'diseases': ['tuberculosis'], 'symptoms': [], 'treatments': [], 'prevention': [], 'patient_types': [], 'food_recommendations': []}",PreventionAdvice,Synthetic,,149,16,1,2025-07-19T20:32:57.252358
578,What preventive measures work for migraine?,Effective preventive measures for migraine include avoiding triggers. Consistency in applying these measures is key to their effectiveness.,preventive measure work migraine,effective preventive measure migraine include avoiding trigger consistency applying measure key effectiveness,preventive measure work migraine effective preventive measure migraine include avoiding trigger consistency applying measure key effectiveness,"{'diseases': ['migraine'], 'symptoms': [], 'treatments': [], 'prevention': [], 'patient_types': [], 'food_recommendations': []}",PreventionAdvice,Synthetic,,142,16,1,2025-07-19T20:32:57.252945
579,What can I do to avoid pneumonia?,"To reduce your risk of pneumonia, consider implementing hand washing. Prevention strategies should be discussed with healthcare professionals for personalized guidance.",avoid pneumonia,reduce risk pneumonia consider implementing hand washing prevention strategy discussed healthcare professional personalized guidance,avoid pneumonia reduce risk pneumonia consider implementing hand washing prevention strategy discussed healthcare professional personalized guidance,"{'diseases': ['pneumonia'], 'symptoms': [], 'treatments': [], 'prevention': ['hand washing'], 'patient_types': [], 'food_recommendations': []}",PreventionAdvice,Synthetic,,148,16,2,2025-07-19T20:32:57.253508
580,What can I do to avoid bronchitis?,"To reduce your risk of bronchitis, consider implementing regular checkups. Prevention strategies should be discussed with healthcare professionals for personalized guidance.",avoid bronchitis,reduce risk bronchitis consider implementing regular checkup prevention strategy discussed healthcare professional personalized guidance,avoid bronchitis reduce risk bronchitis consider implementing regular checkup prevention strategy discussed healthcare professional personalized guidance,"{'diseases': ['bronchitis'], 'symptoms': [], 'treatments': [], 'prevention': [], 'patient_types': [], 'food_recommendations': []}",PreventionAdvice,Synthetic,,153,16,1,2025-07-19T20:32:57.254089
581,How do I protect myself from pneumonia?,Protection against pneumonia involves avoiding triggers. Stay informed about current health recommendations and guidelines from reputable medical sources.,protect pneumonia,protection pneumonia involves avoiding trigger stay informed current health recommendation guideline reputable medical source,protect pneumonia protection pneumonia involves avoiding trigger stay informed current health recommendation guideline reputable medical source,"{'diseases': ['pneumonia'], 'symptoms': [], 'treatments': [], 'prevention': [], 'patient_types': [], 'food_recommendations': []}",PreventionAdvice,Synthetic,,143,16,1,2025-07-19T20:32:57.254549
582,How do I protect myself from heart disease?,Protection against heart disease involves ventilation. Stay informed about current health recommendations and guidelines from reputable medical sources.,protect heart disease,protection heart disease involves ventilation stay informed current health recommendation guideline reputable medical source,protect heart disease protection heart disease involves ventilation stay informed current health recommendation guideline reputable medical source,"{'diseases': ['heart disease'], 'symptoms': [], 'treatments': [], 'prevention': ['ventilation'], 'patient_types': [], 'food_recommendations': []}",PreventionAdvice,Synthetic,,146,17,2,2025-07-19T20:32:57.254989
583,What can I do to avoid kidney disease?,"To reduce your risk of kidney disease, consider implementing social distancing. Prevention strategies should be discussed with healthcare professionals for personalized guidance.",avoid kidney disease,reduce risk kidney disease consider implementing social distancing prevention strategy discussed healthcare professional personalized guidance,avoid kidney disease reduce risk kidney disease consider implementing social distancing prevention strategy discussed healthcare professional personalized guidance,"{'diseases': ['kidney disease'], 'symptoms': [], 'treatments': [], 'prevention': ['social distancing'], 'patient_types': [], 'food_recommendations': []}",PreventionAdvice,Synthetic,,163,18,2,2025-07-19T20:32:57.255629
585,How do I protect myself from pandemic?,Protection against pandemic involves quarantine. Stay informed about current health recommendations and guidelines from reputable medical sources.,protect pandemic,protection pandemic involves quarantine stay informed current health recommendation guideline reputable medical source,protect pandemic protection pandemic involves quarantine stay informed current health recommendation guideline reputable medical source,"{'diseases': ['pandemic'], 'symptoms': [], 'treatments': [], 'prevention': ['quarantine'], 'patient_types': [], 'food_recommendations': []}",PreventionAdvice,Synthetic,,135,15,2,2025-07-19T20:32:57.256421
586,How can I prevent anxiety?,Prevention of anxiety includes evidence-based measures such as healthy diet. Following established prevention strategies is important for reducing your risk.,prevent anxiety,prevention anxiety includes evidencebased measure healthy diet following established prevention strategy important reducing risk,prevent anxiety prevention anxiety includes evidencebased measure healthy diet following established prevention strategy important reducing risk,"{'diseases': ['anxiety'], 'symptoms': [], 'treatments': [], 'prevention': ['healthy diet'], 'patient_types': [], 'food_recommendations': []}",PreventionAdvice,Synthetic,,144,16,2,2025-07-19T20:32:57.256966
588,What preventive measures work for flu?,Effective preventive measures for flu include avoiding triggers. Consistency in applying these measures is key to their effectiveness.,preventive measure work flu,effective preventive measure flu include avoiding trigger consistency applying measure key effectiveness,preventive measure work flu effective preventive measure flu include avoiding trigger consistency applying measure key effectiveness,"{'diseases': ['flu'], 'symptoms': [], 'treatments': [], 'prevention': [], 'patient_types': [], 'food_recommendations': []}",PreventionAdvice,Synthetic,,132,16,1,2025-07-19T20:32:57.258078
589,What preventive measures work for pneumonia?,Effective preventive measures for pneumonia include adequate sleep. Consistency in applying these measures is key to their effectiveness.,preventive measure work pneumonia,effective preventive measure pneumonia include adequate sleep consistency applying measure key effectiveness,preventive measure work pneumonia effective preventive measure pneumonia include adequate sleep consistency applying measure key effectiveness,"{'diseases': ['pneumonia'], 'symptoms': [], 'treatments': [], 'prevention': ['adequate sleep'], 'patient_types': [], 'food_recommendations': []}",PreventionAdvice,Synthetic,,142,16,2,2025-07-19T20:32:57.258660
591,What can I do to avoid pneumonia?,"To reduce your risk of pneumonia, consider implementing regular checkups. Prevention strategies should be discussed with healthcare professionals for personalized guidance.",avoid pneumonia,reduce risk pneumonia consider implementing regular checkup prevention strategy discussed healthcare professional personalized guidance,avoid pneumonia reduce risk pneumonia consider implementing regular checkup prevention strategy discussed healthcare professional personalized guidance,"{'diseases': ['pneumonia'], 'symptoms': [], 'treatments': [], 'prevention': [], 'patient_types': [], 'food_recommendations': []}",PreventionAdvice,Synthetic,,151,16,1,2025-07-19T20:32:57.259723
592,How can I prevent flu?,Prevention of flu includes evidence-based measures such as hygiene. Following established prevention strategies is important for reducing your risk.,prevent flu,prevention flu includes evidencebased measure hygiene following established prevention strategy important reducing risk,prevent flu prevention flu includes evidencebased measure hygiene following established prevention strategy important reducing risk,"{'diseases': ['flu'], 'symptoms': [], 'treatments': [], 'prevention': ['hygiene'], 'patient_types': [], 'food_recommendations': []}",PreventionAdvice,Synthetic,,131,15,2,2025-07-19T20:32:57.260265
593,How do I protect myself from kidney disease?,Protection against kidney disease involves social distancing. Stay informed about current health recommendations and guidelines from reputable medical sources.,protect kidney disease,protection kidney disease involves social distancing stay informed current health recommendation guideline reputable medical source,protect kidney disease protection kidney disease involves social distancing stay informed current health recommendation guideline reputable medical source,"{'diseases': ['kidney disease'], 'symptoms': [], 'treatments': [], 'prevention': ['social distancing'], 'patient_types': [], 'food_recommendations': []}",PreventionAdvice,Synthetic,,154,18,2,2025-07-19T20:32:57.260762
594,How do I protect myself from anxiety?,Protection against anxiety involves regular checkups. Stay informed about current health recommendations and guidelines from reputable medical sources.,protect anxiety,protection anxiety involves regular checkup stay informed current health recommendation guideline reputable medical source,protect anxiety protection anxiety involves regular checkup stay informed current health recommendation guideline reputable medical source,"{'diseases': ['anxiety'], 'symptoms': [], 'treatments': [], 'prevention': [], 'patient_types': [], 'food_recommendations': []}",PreventionAdvice,Synthetic,,138,16,1,2025-07-19T20:32:57.261216
595,How do I protect myself from pandemic?,Protection against pandemic involves ventilation. Stay informed about current health recommendations and guidelines from reputable medical sources.,protect pandemic,protection pandemic involves ventilation stay informed current health recommendation guideline reputable medical source,protect pandemic protection pandemic involves ventilation stay informed current health recommendation guideline reputable medical source,"{'diseases': ['pandemic'], 'symptoms': [], 'treatments': [], 'prevention': ['ventilation'], 'patient_types': [], 'food_recommendations': []}",PreventionAdvice,Synthetic,,136,15,2,2025-07-19T20:32:57.261644
596,How can I prevent malaria?,Prevention of malaria includes evidence-based measures such as adequate sleep. Following established prevention strategies is important for reducing your risk.,prevent malaria,prevention malaria includes evidencebased measure adequate sleep following established prevention strategy important reducing risk,prevent malaria prevention malaria includes evidencebased measure adequate sleep following established prevention strategy important reducing risk,"{'diseases': ['malaria'], 'symptoms': [], 'treatments': [], 'prevention': ['adequate sleep'], 'patient_types': [], 'food_recommendations': []}",PreventionAdvice,Synthetic,,146,16,2,2025-07-19T20:32:57.262212
597,What preventive measures work for flu?,Effective preventive measures for flu include social distancing. Consistency in applying these measures is key to their effectiveness.,preventive measure work flu,effective preventive measure flu include social distancing consistency applying measure key effectiveness,preventive measure work flu effective preventive measure flu include social distancing consistency applying measure key effectiveness,"{'diseases': ['flu'], 'symptoms': [], 'treatments': [], 'prevention': ['social distancing'], 'patient_types': [], 'food_recommendations': []}",PreventionAdvice,Synthetic,,133,16,2,2025-07-19T20:32:57.262799
598,How can I prevent arthritis?,Prevention of arthritis includes evidence-based measures such as adequate sleep. Following established prevention strategies is important for reducing your risk.,prevent arthritis,prevention arthritis includes evidencebased measure adequate sleep following established prevention strategy important reducing risk,prevent arthritis prevention arthritis includes evidencebased measure adequate sleep following established prevention strategy important reducing risk,"{'diseases': ['arthritis'], 'symptoms': [], 'treatments': [], 'prevention': ['adequate sleep'], 'patient_types': [], 'food_recommendations': []}",PreventionAdvice,Synthetic,,150,16,2,2025-07-19T20:32:57.263369
599,How can I prevent hypertension?,Prevention of hypertension includes evidence-based measures such as screening. Following established prevention strategies is important for reducing your risk.,prevent hypertension,prevention hypertension includes evidencebased measure screening following established prevention strategy important reducing risk,prevent hypertension prevention hypertension includes evidencebased measure screening following established prevention strategy important reducing risk,"{'diseases': ['hypertension'], 'symptoms': [], 'treatments': [], 'prevention': ['screening'], 'patient_types': [], 'food_recommendations': []}",PreventionAdvice,Synthetic,,151,15,2,2025-07-19T20:32:57.263917
